#
# There is insufficient memory for the Java Runtime Environment to continue.
# Native memory allocation (malloc) failed to allocate 32744 bytes for ChunkPool::allocate
# Possible reasons:
#   The system is out of physical RAM or swap space
#   The process is running with CompressedOops enabled, and the Java Heap may be blocking the growth of the native heap
# Possible solutions:
#   Reduce memory load on the system
#   Increase physical memory or swap space
#   Check if swap backing store is full
#   Decrease Java heap size (-Xmx/-Xms)
#   Decrease number of Java threads
#   Decrease Java thread stack sizes (-Xss)
#   Set larger code cache with -XX:ReservedCodeCacheSize=
#   JVM is running with Unscaled Compressed Oops mode in which the Java heap is
#     placed in the first 4GB address space. The Java Heap base address is the
#     maximum limit for the native heap growth. Please use -XX:HeapBaseMinAddress
#     to set the Java Heap base and to place the Java Heap above 4GB virtual address.
# This output file may be truncated or incomplete.
#
#  Out of Memory Error (arena.cpp:78), pid=29836, tid=34176
#
# JRE version: Java(TM) SE Runtime Environment (17.0.10+11) (build 17.0.10+11-LTS-240)
# Java VM: Java HotSpot(TM) 64-Bit Server VM (17.0.10+11-LTS-240, mixed mode, sharing, tiered, compressed oops, compressed class ptrs, g1 gc, windows-amd64)
# No core dump will be written. Minidumps are not enabled by default on client versions of Windows
#

---------------  S U M M A R Y ------------

Command Line: -XX:MaxMetaspaceSize=512m --add-opens=java.base/java.util=ALL-UNNAMED --add-opens=java.base/java.lang=ALL-UNNAMED --add-opens=java.base/java.lang.invoke=ALL-UNNAMED --add-opens=java.base/java.util=ALL-UNNAMED --add-opens=java.prefs/java.util.prefs=ALL-UNNAMED --add-opens=java.prefs/java.util.prefs=ALL-UNNAMED --add-opens=java.base/java.nio.charset=ALL-UNNAMED --add-opens=java.base/java.net=ALL-UNNAMED --add-opens=java.base/java.util.concurrent.atomic=ALL-UNNAMED -Xmx2048m -Dfile.encoding=windows-1252 -Duser.country=IN -Duser.language=en -Duser.variant org.gradle.launcher.daemon.bootstrap.GradleDaemon 7.5.1

Host: 11th Gen Intel(R) Core(TM) i5-11400 @ 2.60GHz, 12 cores, 31G,  Windows 11 , 64 bit Build 26100 (10.0.26100.3912)
Time: Thu May  1 08:29:18 2025 India Standard Time elapsed time: 90.927544 seconds (0d 0h 1m 30s)

---------------  T H R E A D  ---------------

Current thread (0x000001f354d75a00):  JavaThread "C2 CompilerThread0" daemon [_thread_in_native, id=34176, stack(0x0000001b23100000,0x0000001b23200000)]


Current CompileTask:
C2:  90927 20063       4       javax.management.ObjectName::construct (1135 bytes)

Stack: [0x0000001b23100000,0x0000001b23200000]
Native frames: (J=compiled Java code, j=interpreted, Vv=VM code, C=native code)
V  [jvm.dll+0x677a5a]
V  [jvm.dll+0x7d8b2d]
V  [jvm.dll+0x7da48e]
V  [jvm.dll+0x7daaf3]
V  [jvm.dll+0x2455ff]
V  [jvm.dll+0xaad50]
V  [jvm.dll+0xab09c]
V  [jvm.dll+0x1dd38c]
V  [jvm.dll+0x1de71e]
V  [jvm.dll+0x1dca0e]
V  [jvm.dll+0x1dc1d5]
V  [jvm.dll+0x1dd0f1]
V  [jvm.dll+0x1dc43e]
V  [jvm.dll+0x1cc0b0]
V  [jvm.dll+0x12615b]
V  [jvm.dll+0x2a83ec]
V  [jvm.dll+0x2aa19f]
V  [jvm.dll+0x690083]
V  [jvm.dll+0x688056]
V  [jvm.dll+0x6876a0]
V  [jvm.dll+0x6855aa]
V  [jvm.dll+0x1a666c]
V  [jvm.dll+0x2aa21c]
V  [jvm.dll+0x690083]
V  [jvm.dll+0x688056]
V  [jvm.dll+0x6876a0]
V  [jvm.dll+0x6855aa]
V  [jvm.dll+0x1a666c]
V  [jvm.dll+0x2aa21c]
V  [jvm.dll+0x690083]
V  [jvm.dll+0x688056]
V  [jvm.dll+0x6876a0]
V  [jvm.dll+0x6855aa]
V  [jvm.dll+0x1a666c]
V  [jvm.dll+0x1a71fb]
V  [jvm.dll+0x2aa21c]
V  [jvm.dll+0x690083]
V  [jvm.dll+0x688056]
V  [jvm.dll+0x6876a0]
V  [jvm.dll+0x6855aa]
V  [jvm.dll+0x1a666c]
V  [jvm.dll+0x216938]
V  [jvm.dll+0x1a3410]
V  [jvm.dll+0x226aeb]
V  [jvm.dll+0x224cab]
V  [jvm.dll+0x78e45c]
V  [jvm.dll+0x78888a]
V  [jvm.dll+0x676935]
C  [ucrtbase.dll+0x37b0]
C  [KERNEL32.DLL+0x2e8d7]
C  [ntdll.dll+0x9c5dc]


---------------  P R O C E S S  ---------------

Threads class SMR info:
_java_thread_list=0x000001f37a9e3d80, length=189, elements={
0x000001f3366d9480, 0x000001f354d4ffd0, 0x000001f354d51610, 0x000001f354d6c950,
0x000001f354d6d220, 0x000001f354d6ee80, 0x000001f354d70ae0, 0x000001f354d75a00,
0x000001f354d7a380, 0x000001f354d7c020, 0x000001f3702166b0, 0x000001f3702243f0,
0x000001f3762bb8e0, 0x000001f376260030, 0x000001f376943290, 0x000001f37690e8b0,
0x000001f3763bc0f0, 0x000001f3763bbbe0, 0x000001f3763b9870, 0x000001f3763bcb10,
0x000001f3763bd020, 0x000001f3763ba290, 0x000001f3774867e0, 0x000001f377489060,
0x000001f377489a80, 0x000001f3774862d0, 0x000001f377486cf0, 0x000001f37748a9b0,
0x000001f37748c300, 0x000001f37748d230, 0x000001f37748aec0, 0x000001f37748c810,
0x000001f37786b0e0, 0x000001f37786c010, 0x000001f37786c520, 0x000001f377868d70,
0x000001f37786a1b0, 0x000001f377869280, 0x000001f37786d450, 0x000001f37e327f80,
0x000001f37e326b40, 0x000001f37e327050, 0x000001f37aaf5a70, 0x000001f37aaf4630,
0x000001f37786ca30, 0x000001f377869790, 0x000001f37786a6c0, 0x000001f37bbb36b0,
0x000001f37bbb5000, 0x000001f37bbb3bc0, 0x000001f377869ca0, 0x000001f37786abd0,
0x000001f37786d960, 0x000001f37786de70, 0x000001f37786e380, 0x000001f37786e890,
0x000001f37786eda0, 0x000001f37786b5f0, 0x000001f37786f2b0, 0x000001f37786bb00,
0x000001f37786f7c0, 0x000001f37786fcd0, 0x000001f3778701e0, 0x000001f3778706f0,
0x000001f3772bba10, 0x000001f3772bb500, 0x000001f3772bce50, 0x000001f3772bd360,
0x000001f3772bd870, 0x000001f3772ba0c0, 0x000001f37e09c6b0, 0x000001f37e09c1a0,
0x000001f37e09cbc0, 0x000001f37e09d5e0, 0x000001f37e09d0d0, 0x000001f37adfc360,
0x000001f37adfb430, 0x000001f37adfe1c0, 0x000001f37adfaf20, 0x000001f37adfb940,
0x000001f37df72a30, 0x000001f37df73450, 0x000001f37df72f40, 0x000001f37df72010,
0x000001f37df71b00, 0x000001f37df72520, 0x000001f37adfc870, 0x000001f37adfcd80,
0x000001f37adfaa10, 0x000001f37aaf4120, 0x000001f37dccfc50, 0x000001f37dcd0b80,
0x000001f37dcd0670, 0x000001f37d4256d0, 0x000001f37d4260f0, 0x000001f37d427020,
0x000001f37d425be0, 0x000001f37d426600, 0x000001f378d16740, 0x000001f378d12f90,
0x000001f375aafa40, 0x000001f375aaff50, 0x000001f375aaf530, 0x000001f377738c70,
0x000001f377739180, 0x000001f37773afe0, 0x000001f37773b4f0, 0x000001f37773a5c0,
0x000001f377739690, 0x000001f377739ba0, 0x000001f377738250, 0x000001f37773aad0,
0x000001f37773a0b0, 0x000001f377738760, 0x000001f377737d40, 0x000001f37bf14200,
0x000001f37bf16570, 0x000001f37bf14c20, 0x000001f37d34d000, 0x000001f37d34b6b0,
0x000001f37d34c0d0, 0x000001f37d34c5e0, 0x000001f37e327560, 0x000001f37a597460,
0x000001f37a596530, 0x000001f37a596a40, 0x000001f37a5950f0, 0x000001f37a596f50,
0x000001f37a597970, 0x000001f37a594be0, 0x000001f37a597e80, 0x000001f37a5946d0,
0x000001f37a595600, 0x000001f37a595b10, 0x000001f37a596020, 0x000001f37b3f26d0,
0x000001f37b3f5460, 0x000001f37b3f3b10, 0x000001f37b3f3600, 0x000001f37b3f21c0,
0x000001f37b3f4020, 0x000001f37b3f4a40, 0x000001f37b3f4530, 0x000001f37b3f1cb0,
0x000001f37b3f4f50, 0x000001f37b3f2be0, 0x000001f37b3f30f0, 0x000001f37905adf0,
0x000001f37905e5a0, 0x000001f37905e090, 0x000001f37905c740, 0x000001f37905cc50,
0x000001f37905c230, 0x000001f37905bd20, 0x000001f37905d160, 0x000001f37905b810,
0x000001f37905b300, 0x000001f37905d670, 0x000001f37905db80, 0x000001f3702eb570,
0x000001f3702e8cf0, 0x000001f3702e9710, 0x000001f3702ea640, 0x000001f3702eba80,
0x000001f3702eab50, 0x000001f3702ebf90, 0x000001f3702eb060, 0x000001f3702e87e0,
0x000001f3702e9200, 0x000001f3702e9c20, 0x000001f3702ea130, 0x000001f379aa7bf0,
0x000001f379aa5d90, 0x000001f379aa9030, 0x000001f379aa67b0, 0x000001f379aa6cc0,
0x000001f379aa71d0, 0x000001f379aa76e0, 0x000001f379aa8100, 0x000001f379aa8610,
0x000001f379aa8b20, 0x000001f379aa5880, 0x000001f379aa62a0, 0x000001f37deabba0,
0x000001f37dea8e10, 0x000001f37dea9830, 0x000001f37dea9d40, 0x000001f37deaa250,
0x000001f37c315bd0
}

Java Threads: ( => current thread )
  0x000001f3366d9480 JavaThread "main" [_thread_blocked, id=29416, stack(0x0000001b22400000,0x0000001b22500000)]
  0x000001f354d4ffd0 JavaThread "Reference Handler" daemon [_thread_blocked, id=32868, stack(0x0000001b22b00000,0x0000001b22c00000)]
  0x000001f354d51610 JavaThread "Finalizer" daemon [_thread_blocked, id=11356, stack(0x0000001b22c00000,0x0000001b22d00000)]
  0x000001f354d6c950 JavaThread "Signal Dispatcher" daemon [_thread_blocked, id=20804, stack(0x0000001b22d00000,0x0000001b22e00000)]
  0x000001f354d6d220 JavaThread "Attach Listener" daemon [_thread_blocked, id=35092, stack(0x0000001b22e00000,0x0000001b22f00000)]
  0x000001f354d6ee80 JavaThread "Service Thread" daemon [_thread_blocked, id=29636, stack(0x0000001b22f00000,0x0000001b23000000)]
  0x000001f354d70ae0 JavaThread "Monitor Deflation Thread" daemon [_thread_blocked, id=4224, stack(0x0000001b23000000,0x0000001b23100000)]
=>0x000001f354d75a00 JavaThread "C2 CompilerThread0" daemon [_thread_in_native, id=34176, stack(0x0000001b23100000,0x0000001b23200000)]
  0x000001f354d7a380 JavaThread "C1 CompilerThread0" daemon [_thread_blocked, id=12716, stack(0x0000001b23200000,0x0000001b23300000)]
  0x000001f354d7c020 JavaThread "Sweeper thread" daemon [_thread_blocked, id=23708, stack(0x0000001b23300000,0x0000001b23400000)]
  0x000001f3702166b0 JavaThread "Common-Cleaner" daemon [_thread_blocked, id=33820, stack(0x0000001b23400000,0x0000001b23500000)]
  0x000001f3702243f0 JavaThread "Notification Thread" daemon [_thread_blocked, id=31824, stack(0x0000001b23500000,0x0000001b23600000)]
  0x000001f3762bb8e0 JavaThread "Daemon health stats" [_thread_blocked, id=27936, stack(0x0000001b24200000,0x0000001b24300000)]
  0x000001f376260030 JavaThread "Incoming local TCP Connector on port 64211" [_thread_in_native, id=29140, stack(0x0000001b24300000,0x0000001b24400000)]
  0x000001f376943290 JavaThread "Daemon periodic checks" [_thread_blocked, id=4172, stack(0x0000001b24400000,0x0000001b24500000)]
  0x000001f37690e8b0 JavaThread "Daemon" [_thread_blocked, id=33244, stack(0x0000001b24500000,0x0000001b24600000)]
  0x000001f3763bc0f0 JavaThread "Daemon worker" [_thread_blocked, id=12484, stack(0x0000001b24800000,0x0000001b24900000)]
  0x000001f3763bbbe0 JavaThread "Cache worker for journal cache (C:\Users\xahim\.gradle\caches\journal-1)" [_thread_blocked, id=6632, stack(0x0000001b24c00000,0x0000001b24d00000)]
  0x000001f3763b9870 JavaThread "File lock request listener" [_thread_in_native, id=34276, stack(0x0000001b24d00000,0x0000001b24e00000)]
  0x000001f3763bcb10 JavaThread "Cache worker for file hash cache (C:\Users\xahim\.gradle\caches\7.5.1\fileHashes)" [_thread_blocked, id=5888, stack(0x0000001b24e00000,0x0000001b24f00000)]
  0x000001f3763bd020 JavaThread "File watcher server" daemon [_thread_in_native, id=5836, stack(0x0000001b24f00000,0x0000001b25000000)]
  0x000001f3763ba290 JavaThread "File watcher consumer" daemon [_thread_blocked, id=35120, stack(0x0000001b25000000,0x0000001b25100000)]
  0x000001f3774867e0 JavaThread "Cache worker for file content cache (C:\Users\xahim\.gradle\caches\7.5.1\fileContent)" [_thread_blocked, id=23328, stack(0x0000001b25300000,0x0000001b25400000)]
  0x000001f377489060 JavaThread "Cache worker for execution history cache (C:\Users\xahim\.gradle\caches\7.5.1\executionHistory)" [_thread_blocked, id=7308, stack(0x0000001b25800000,0x0000001b25900000)]
  0x000001f377489a80 JavaThread "jar transforms" [_thread_blocked, id=18312, stack(0x0000001b25900000,0x0000001b25a00000)]
  0x000001f3774862d0 JavaThread "jar transforms Thread 2" [_thread_blocked, id=27032, stack(0x0000001b25a00000,0x0000001b25b00000)]
  0x000001f377486cf0 JavaThread "jar transforms Thread 3" [_thread_blocked, id=32240, stack(0x0000001b25b00000,0x0000001b25c00000)]
  0x000001f37748a9b0 JavaThread "jar transforms Thread 4" [_thread_blocked, id=35012, stack(0x0000001b25c00000,0x0000001b25d00000)]
  0x000001f37748c300 JavaThread "Cache worker for kotlin-dsl (C:\Users\xahim\.gradle\caches\7.5.1\kotlin-dsl)" [_thread_blocked, id=38236, stack(0x0000001b25e00000,0x0000001b25f00000)]
  0x000001f37748d230 JavaThread "jar transforms Thread 5" [_thread_blocked, id=38892, stack(0x0000001b25d00000,0x0000001b25e00000)]
  0x000001f37748aec0 JavaThread "jar transforms Thread 6" [_thread_blocked, id=38900, stack(0x0000001b26000000,0x0000001b26100000)]
  0x000001f37748c810 JavaThread "jar transforms Thread 7" [_thread_blocked, id=35388, stack(0x0000001b26300000,0x0000001b26400000)]
  0x000001f37786b0e0 JavaThread "jar transforms Thread 8" [_thread_blocked, id=3004, stack(0x0000001b28500000,0x0000001b28600000)]
  0x000001f37786c010 JavaThread "jar transforms Thread 9" [_thread_blocked, id=35764, stack(0x0000001b28600000,0x0000001b28700000)]
  0x000001f37786c520 JavaThread "jar transforms Thread 10" [_thread_blocked, id=30864, stack(0x0000001b28700000,0x0000001b28800000)]
  0x000001f377868d70 JavaThread "jar transforms Thread 11" [_thread_blocked, id=6448, stack(0x0000001b28800000,0x0000001b28900000)]
  0x000001f37786a1b0 JavaThread "jar transforms Thread 12" [_thread_blocked, id=38828, stack(0x0000001b28900000,0x0000001b28a00000)]
  0x000001f377869280 JavaThread "Memory manager" [_thread_blocked, id=34524, stack(0x0000001b28b00000,0x0000001b28c00000)]
  0x000001f37786d450 JavaThread "included builds" [_thread_blocked, id=38872, stack(0x0000001b28d00000,0x0000001b28e00000)]
  0x000001f37e327f80 JavaThread "Monitor" [_thread_in_native, id=39540, stack(0x0000001b2f700000,0x0000001b2f800000)]
  0x000001f37e326b40 JavaThread "JdwpProxyConnection" [_thread_in_native, id=39656, stack(0x0000001b2f800000,0x0000001b2f900000)]
  0x000001f37e327050 JavaThread "Device List Monitor" [_thread_in_native, id=39660, stack(0x0000001b2f900000,0x0000001b2fa00000)]
  0x000001f37aaf5a70 JavaThread "Handler for socket connection from /127.0.0.1:64211 to /127.0.0.1:64271" [_thread_in_native, id=34904, stack(0x0000001b23700000,0x0000001b23800000)]
  0x000001f37aaf4630 JavaThread "Cancel handler" [_thread_blocked, id=6716, stack(0x0000001b24600000,0x0000001b24700000)]
  0x000001f37786ca30 JavaThread "Asynchronous log dispatcher for DefaultDaemonConnection: socket connection from /127.0.0.1:64211 to /127.0.0.1:64271" [_thread_blocked, id=4176, stack(0x0000001b24700000,0x0000001b24800000)]
  0x000001f377869790 JavaThread "Stdin handler" [_thread_blocked, id=6640, stack(0x0000001b24900000,0x0000001b24a00000)]
  0x000001f37786a6c0 JavaThread "Daemon client event forwarder" [_thread_blocked, id=35036, stack(0x0000001b24a00000,0x0000001b24b00000)]
  0x000001f37bbb36b0 JavaThread "Cache worker for checksums cache (E:\Projects\Logiqids\android\.gradle\7.5.1\checksums)" [_thread_blocked, id=34412, stack(0x0000001b25100000,0x0000001b25200000)]
  0x000001f37bbb5000 JavaThread "Cache worker for cache directory md-rule (C:\Users\xahim\.gradle\caches\7.5.1\md-rule)" [_thread_blocked, id=34268, stack(0x0000001b25200000,0x0000001b25300000)]
  0x000001f37bbb3bc0 JavaThread "Cache worker for file hash cache (E:\Projects\Logiqids\android\.gradle\7.5.1\fileHashes)" [_thread_blocked, id=39460, stack(0x0000001b25400000,0x0000001b25500000)]
  0x000001f377869ca0 JavaThread "Cache worker for cache directory md-supplier (C:\Users\xahim\.gradle\caches\7.5.1\md-supplier)" [_thread_blocked, id=25996, stack(0x0000001b25500000,0x0000001b25600000)]
  0x000001f37786abd0 JavaThread "Cache worker for dependencies-accessors (E:\Projects\Logiqids\android\.gradle\7.5.1\dependencies-accessors)" [_thread_blocked, id=33588, stack(0x0000001b22200000,0x0000001b22300000)]
  0x000001f37786d960 JavaThread "Cache worker for Build Output Cleanup Cache (E:\Projects\Logiqids\node_modules\react-native-gradle-plugin\.gradle\buildOutputCleanup)" [_thread_blocked, id=29936, stack(0x0000001b22300000,0x0000001b22400000)]
  0x000001f37786de70 JavaThread "Unconstrained build operations" [_thread_blocked, id=10288, stack(0x0000001b25f00000,0x0000001b26000000)]
  0x000001f37786e380 JavaThread "Unconstrained build operations Thread 2" [_thread_blocked, id=30728, stack(0x0000001b26100000,0x0000001b26200000)]
  0x000001f37786e890 JavaThread "Unconstrained build operations Thread 3" [_thread_blocked, id=21560, stack(0x0000001b26200000,0x0000001b26300000)]
  0x000001f37786eda0 JavaThread "Unconstrained build operations Thread 4" [_thread_blocked, id=30244, stack(0x0000001b26400000,0x0000001b26500000)]
  0x000001f37786b5f0 JavaThread "Unconstrained build operations Thread 5" [_thread_blocked, id=39716, stack(0x0000001b26500000,0x0000001b26600000)]
  0x000001f37786f2b0 JavaThread "Unconstrained build operations Thread 6" [_thread_blocked, id=32424, stack(0x0000001b26600000,0x0000001b26700000)]
  0x000001f37786bb00 JavaThread "Unconstrained build operations Thread 7" [_thread_blocked, id=27796, stack(0x0000001b26700000,0x0000001b26800000)]
  0x000001f37786f7c0 JavaThread "Unconstrained build operations Thread 8" [_thread_blocked, id=12032, stack(0x0000001b26800000,0x0000001b26900000)]
  0x000001f37786fcd0 JavaThread "Unconstrained build operations Thread 9" [_thread_blocked, id=28128, stack(0x0000001b26900000,0x0000001b26a00000)]
  0x000001f3778701e0 JavaThread "Unconstrained build operations Thread 10" [_thread_blocked, id=26244, stack(0x0000001b26a00000,0x0000001b26b00000)]
  0x000001f3778706f0 JavaThread "Unconstrained build operations Thread 11" [_thread_blocked, id=34792, stack(0x0000001b26b00000,0x0000001b26c00000)]
  0x000001f3772bba10 JavaThread "Unconstrained build operations Thread 12" [_thread_blocked, id=33212, stack(0x0000001b26c00000,0x0000001b26d00000)]
  0x000001f3772bb500 JavaThread "Unconstrained build operations Thread 13" [_thread_blocked, id=33616, stack(0x0000001b26d00000,0x0000001b26e00000)]
  0x000001f3772bce50 JavaThread "Unconstrained build operations Thread 14" [_thread_blocked, id=34868, stack(0x0000001b26e00000,0x0000001b26f00000)]
  0x000001f3772bd360 JavaThread "Unconstrained build operations Thread 15" [_thread_blocked, id=34436, stack(0x0000001b26f00000,0x0000001b27000000)]
  0x000001f3772bd870 JavaThread "Unconstrained build operations Thread 16" [_thread_blocked, id=11728, stack(0x0000001b27000000,0x0000001b27100000)]
  0x000001f3772ba0c0 JavaThread "Unconstrained build operations Thread 17" [_thread_blocked, id=6864, stack(0x0000001b27100000,0x0000001b27200000)]
  0x000001f37e09c6b0 JavaThread "Unconstrained build operations Thread 18" [_thread_blocked, id=35748, stack(0x0000001b27200000,0x0000001b27300000)]
  0x000001f37e09c1a0 JavaThread "Unconstrained build operations Thread 19" [_thread_blocked, id=33944, stack(0x0000001b27300000,0x0000001b27400000)]
  0x000001f37e09cbc0 JavaThread "Unconstrained build operations Thread 20" [_thread_blocked, id=22236, stack(0x0000001b27400000,0x0000001b27500000)]
  0x000001f37e09d5e0 JavaThread "Unconstrained build operations Thread 21" [_thread_blocked, id=10476, stack(0x0000001b27500000,0x0000001b27600000)]
  0x000001f37e09d0d0 JavaThread "Unconstrained build operations Thread 22" [_thread_blocked, id=32808, stack(0x0000001b27600000,0x0000001b27700000)]
  0x000001f37adfc360 JavaThread "Unconstrained build operations Thread 23" [_thread_blocked, id=32344, stack(0x0000001b27700000,0x0000001b27800000)]
  0x000001f37adfb430 JavaThread "Unconstrained build operations Thread 24" [_thread_blocked, id=24364, stack(0x0000001b27800000,0x0000001b27900000)]
  0x000001f37adfe1c0 JavaThread "Unconstrained build operations Thread 25" [_thread_blocked, id=39760, stack(0x0000001b27900000,0x0000001b27a00000)]
  0x000001f37adfaf20 JavaThread "Unconstrained build operations Thread 26" [_thread_blocked, id=39780, stack(0x0000001b27a00000,0x0000001b27b00000)]
  0x000001f37adfb940 JavaThread "Unconstrained build operations Thread 27" [_thread_blocked, id=39756, stack(0x0000001b27b00000,0x0000001b27c00000)]
  0x000001f37df72a30 JavaThread "Unconstrained build operations Thread 28" [_thread_blocked, id=39748, stack(0x0000001b27c00000,0x0000001b27d00000)]
  0x000001f37df73450 JavaThread "Unconstrained build operations Thread 29" [_thread_blocked, id=39744, stack(0x0000001b27d00000,0x0000001b27e00000)]
  0x000001f37df72f40 JavaThread "Unconstrained build operations Thread 30" [_thread_blocked, id=39740, stack(0x0000001b27e00000,0x0000001b27f00000)]
  0x000001f37df72010 JavaThread "Unconstrained build operations Thread 31" [_thread_blocked, id=39764, stack(0x0000001b27f00000,0x0000001b28000000)]
  0x000001f37df71b00 JavaThread "Unconstrained build operations Thread 32" [_thread_blocked, id=39768, stack(0x0000001b28000000,0x0000001b28100000)]
  0x000001f37df72520 JavaThread "Unconstrained build operations Thread 33" [_thread_blocked, id=39752, stack(0x0000001b28100000,0x0000001b28200000)]
  0x000001f37adfc870 JavaThread "build event listener" [_thread_blocked, id=8952, stack(0x0000001b28200000,0x0000001b28300000)]
  0x000001f37adfcd80 JavaThread "Cache worker for Build Output Cleanup Cache (E:\Projects\Logiqids\android\.gradle\buildOutputCleanup)" [_thread_blocked, id=30364, stack(0x0000001b28300000,0x0000001b28400000)]
  0x000001f37adfaa10 JavaThread "included builds" [_thread_blocked, id=29944, stack(0x0000001b28400000,0x0000001b28500000)]
  0x000001f37aaf4120 JavaThread "Execution worker" [_thread_blocked, id=23920, stack(0x0000001b28a00000,0x0000001b28b00000)]
  0x000001f37dccfc50 JavaThread "Execution worker Thread 2" [_thread_blocked, id=33852, stack(0x0000001b28c00000,0x0000001b28d00000)]
  0x000001f37dcd0b80 JavaThread "Execution worker Thread 3" [_thread_blocked, id=26168, stack(0x0000001b28e00000,0x0000001b28f00000)]
  0x000001f37dcd0670 JavaThread "Execution worker Thread 4" [_thread_blocked, id=35048, stack(0x0000001b28f00000,0x0000001b29000000)]
  0x000001f37d4256d0 JavaThread "Execution worker Thread 5" [_thread_blocked, id=35400, stack(0x0000001b29000000,0x0000001b29100000)]
  0x000001f37d4260f0 JavaThread "Execution worker Thread 6" [_thread_blocked, id=20284, stack(0x0000001b29100000,0x0000001b29200000)]
  0x000001f37d427020 JavaThread "Execution worker Thread 7" [_thread_blocked, id=12508, stack(0x0000001b29200000,0x0000001b29300000)]
  0x000001f37d425be0 JavaThread "Execution worker Thread 8" [_thread_blocked, id=30260, stack(0x0000001b29300000,0x0000001b29400000)]
  0x000001f37d426600 JavaThread "Execution worker Thread 9" [_thread_blocked, id=27848, stack(0x0000001b29400000,0x0000001b29500000)]
  0x000001f378d16740 JavaThread "Execution worker Thread 10" [_thread_blocked, id=35364, stack(0x0000001b29500000,0x0000001b29600000)]
  0x000001f378d12f90 JavaThread "Execution worker Thread 11" [_thread_blocked, id=35752, stack(0x0000001b29600000,0x0000001b29700000)]
  0x000001f375aafa40 JavaThread "Cache worker for execution history cache (E:\Projects\Logiqids\node_modules\react-native-gradle-plugin\.gradle\7.5.1\executionHistory)" [_thread_blocked, id=27988, stack(0x0000001b29700000,0x0000001b29800000)]
  0x000001f375aaff50 JavaThread "Unconstrained build operations Thread 34" [_thread_blocked, id=8780, stack(0x0000001b29800000,0x0000001b29900000)]
  0x000001f375aaf530 JavaThread "Unconstrained build operations Thread 35" [_thread_blocked, id=33000, stack(0x0000001b29900000,0x0000001b29a00000)]
  0x000001f377738c70 JavaThread "Unconstrained build operations Thread 36" [_thread_blocked, id=33836, stack(0x0000001b29a00000,0x0000001b29b00000)]
  0x000001f377739180 JavaThread "Unconstrained build operations Thread 37" [_thread_blocked, id=34120, stack(0x0000001b29b00000,0x0000001b29c00000)]
  0x000001f37773afe0 JavaThread "Unconstrained build operations Thread 38" [_thread_blocked, id=21852, stack(0x0000001b29c00000,0x0000001b29d00000)]
  0x000001f37773b4f0 JavaThread "Unconstrained build operations Thread 39" [_thread_blocked, id=24344, stack(0x0000001b29d00000,0x0000001b29e00000)]
  0x000001f37773a5c0 JavaThread "Unconstrained build operations Thread 40" [_thread_blocked, id=31496, stack(0x0000001b29e00000,0x0000001b29f00000)]
  0x000001f377739690 JavaThread "Unconstrained build operations Thread 41" [_thread_blocked, id=29952, stack(0x0000001b29f00000,0x0000001b2a000000)]
  0x000001f377739ba0 JavaThread "Unconstrained build operations Thread 42" [_thread_blocked, id=23928, stack(0x0000001b2a000000,0x0000001b2a100000)]
  0x000001f377738250 JavaThread "Unconstrained build operations Thread 43" [_thread_blocked, id=29888, stack(0x0000001b2a100000,0x0000001b2a200000)]
  0x000001f37773aad0 JavaThread "Unconstrained build operations Thread 44" [_thread_blocked, id=18604, stack(0x0000001b2a200000,0x0000001b2a300000)]
  0x000001f37773a0b0 JavaThread "Unconstrained build operations Thread 45" [_thread_blocked, id=35296, stack(0x0000001b2a300000,0x0000001b2a400000)]
  0x000001f377738760 JavaThread "Unconstrained build operations Thread 46" [_thread_blocked, id=34860, stack(0x0000001b2a400000,0x0000001b2a500000)]
  0x000001f377737d40 JavaThread "Unconstrained build operations Thread 47" [_thread_blocked, id=39736, stack(0x0000001b2a500000,0x0000001b2a600000)]
  0x000001f37bf14200 JavaThread "Unconstrained build operations Thread 48" [_thread_blocked, id=39732, stack(0x0000001b2a600000,0x0000001b2a700000)]
  0x000001f37bf16570 JavaThread "Unconstrained build operations Thread 49" [_thread_blocked, id=39728, stack(0x0000001b2a700000,0x0000001b2a800000)]
  0x000001f37bf14c20 JavaThread "Unconstrained build operations Thread 50" [_thread_blocked, id=39720, stack(0x0000001b2a800000,0x0000001b2a900000)]
  0x000001f37d34d000 JavaThread "Unconstrained build operations Thread 51" [_thread_blocked, id=39724, stack(0x0000001b2a900000,0x0000001b2aa00000)]
  0x000001f37d34b6b0 JavaThread "Unconstrained build operations Thread 52" [_thread_blocked, id=35440, stack(0x0000001b2aa00000,0x0000001b2ab00000)]
  0x000001f37d34c0d0 JavaThread "Unconstrained build operations Thread 53" [_thread_blocked, id=33444, stack(0x0000001b2ab00000,0x0000001b2ac00000)]
  0x000001f37d34c5e0 JavaThread "Unconstrained build operations Thread 54" [_thread_blocked, id=34124, stack(0x0000001b2ac00000,0x0000001b2ad00000)]
  0x000001f37e327560 JavaThread "Unconstrained build operations Thread 55" [_thread_blocked, id=34876, stack(0x0000001b2ad00000,0x0000001b2ae00000)]
  0x000001f37a597460 JavaThread "Unconstrained build operations Thread 56" [_thread_blocked, id=6808, stack(0x0000001b2ae00000,0x0000001b2af00000)]
  0x000001f37a596530 JavaThread "Unconstrained build operations Thread 57" [_thread_blocked, id=22968, stack(0x0000001b2af00000,0x0000001b2b000000)]
  0x000001f37a596a40 JavaThread "Unconstrained build operations Thread 58" [_thread_blocked, id=29872, stack(0x0000001b2b000000,0x0000001b2b100000)]
  0x000001f37a5950f0 JavaThread "Unconstrained build operations Thread 59" [_thread_blocked, id=33952, stack(0x0000001b2b100000,0x0000001b2b200000)]
  0x000001f37a596f50 JavaThread "Unconstrained build operations Thread 60" [_thread_blocked, id=32908, stack(0x0000001b2b200000,0x0000001b2b300000)]
  0x000001f37a597970 JavaThread "Unconstrained build operations Thread 61" [_thread_blocked, id=28424, stack(0x0000001b2b300000,0x0000001b2b400000)]
  0x000001f37a594be0 JavaThread "Unconstrained build operations Thread 62" [_thread_blocked, id=29212, stack(0x0000001b2b400000,0x0000001b2b500000)]
  0x000001f37a597e80 JavaThread "Unconstrained build operations Thread 63" [_thread_blocked, id=33732, stack(0x0000001b2b500000,0x0000001b2b600000)]
  0x000001f37a5946d0 JavaThread "Unconstrained build operations Thread 64" [_thread_blocked, id=31804, stack(0x0000001b2b600000,0x0000001b2b700000)]
  0x000001f37a595600 JavaThread "Unconstrained build operations Thread 65" [_thread_blocked, id=33476, stack(0x0000001b2b700000,0x0000001b2b800000)]
  0x000001f37a595b10 JavaThread "Unconstrained build operations Thread 66" [_thread_blocked, id=25432, stack(0x0000001b2b800000,0x0000001b2b900000)]
  0x000001f37a596020 JavaThread "Unconstrained build operations Thread 67" [_thread_blocked, id=34988, stack(0x0000001b2b900000,0x0000001b2ba00000)]
  0x000001f37b3f26d0 JavaThread "Unconstrained build operations Thread 68" [_thread_blocked, id=26152, stack(0x0000001b2ba00000,0x0000001b2bb00000)]
  0x000001f37b3f5460 JavaThread "Unconstrained build operations Thread 69" [_thread_blocked, id=32956, stack(0x0000001b2bb00000,0x0000001b2bc00000)]
  0x000001f37b3f3b10 JavaThread "Unconstrained build operations Thread 70" [_thread_blocked, id=35384, stack(0x0000001b2bc00000,0x0000001b2bd00000)]
  0x000001f37b3f3600 JavaThread "Unconstrained build operations Thread 71" [_thread_blocked, id=34980, stack(0x0000001b2bd00000,0x0000001b2be00000)]
  0x000001f37b3f21c0 JavaThread "Unconstrained build operations Thread 72" [_thread_blocked, id=33248, stack(0x0000001b2be00000,0x0000001b2bf00000)]
  0x000001f37b3f4020 JavaThread "Unconstrained build operations Thread 73" [_thread_blocked, id=16240, stack(0x0000001b2bf00000,0x0000001b2c000000)]
  0x000001f37b3f4a40 JavaThread "Unconstrained build operations Thread 74" [_thread_blocked, id=33484, stack(0x0000001b2c000000,0x0000001b2c100000)]
  0x000001f37b3f4530 JavaThread "Unconstrained build operations Thread 75" [_thread_blocked, id=18632, stack(0x0000001b2c100000,0x0000001b2c200000)]
  0x000001f37b3f1cb0 JavaThread "Unconstrained build operations Thread 76" [_thread_blocked, id=25672, stack(0x0000001b2c200000,0x0000001b2c300000)]
  0x000001f37b3f4f50 JavaThread "Unconstrained build operations Thread 77" [_thread_blocked, id=32224, stack(0x0000001b2c300000,0x0000001b2c400000)]
  0x000001f37b3f2be0 JavaThread "Unconstrained build operations Thread 78" [_thread_blocked, id=18356, stack(0x0000001b2c400000,0x0000001b2c500000)]
  0x000001f37b3f30f0 JavaThread "Unconstrained build operations Thread 79" [_thread_blocked, id=24680, stack(0x0000001b2c500000,0x0000001b2c600000)]
  0x000001f37905adf0 JavaThread "Unconstrained build operations Thread 80" [_thread_blocked, id=32936, stack(0x0000001b2c600000,0x0000001b2c700000)]
  0x000001f37905e5a0 JavaThread "Unconstrained build operations Thread 81" [_thread_blocked, id=33632, stack(0x0000001b2c700000,0x0000001b2c800000)]
  0x000001f37905e090 JavaThread "Unconstrained build operations Thread 82" [_thread_blocked, id=29620, stack(0x0000001b2c800000,0x0000001b2c900000)]
  0x000001f37905c740 JavaThread "Unconstrained build operations Thread 83" [_thread_blocked, id=21844, stack(0x0000001b2c900000,0x0000001b2ca00000)]
  0x000001f37905cc50 JavaThread "Unconstrained build operations Thread 84" [_thread_blocked, id=21944, stack(0x0000001b2ca00000,0x0000001b2cb00000)]
  0x000001f37905c230 JavaThread "Unconstrained build operations Thread 85" [_thread_blocked, id=34260, stack(0x0000001b2cb00000,0x0000001b2cc00000)]
  0x000001f37905bd20 JavaThread "Unconstrained build operations Thread 86" [_thread_blocked, id=32096, stack(0x0000001b2cc00000,0x0000001b2cd00000)]
  0x000001f37905d160 JavaThread "Unconstrained build operations Thread 87" [_thread_blocked, id=28584, stack(0x0000001b2cd00000,0x0000001b2ce00000)]
  0x000001f37905b810 JavaThread "Unconstrained build operations Thread 88" [_thread_blocked, id=9608, stack(0x0000001b2ce00000,0x0000001b2cf00000)]
  0x000001f37905b300 JavaThread "Unconstrained build operations Thread 89" [_thread_blocked, id=31640, stack(0x0000001b2cf00000,0x0000001b2d000000)]
  0x000001f37905d670 JavaThread "Unconstrained build operations Thread 90" [_thread_blocked, id=35640, stack(0x0000001b2d000000,0x0000001b2d100000)]
  0x000001f37905db80 JavaThread "Unconstrained build operations Thread 91" [_thread_blocked, id=6440, stack(0x0000001b2d100000,0x0000001b2d200000)]
  0x000001f3702eb570 JavaThread "Unconstrained build operations Thread 92" [_thread_blocked, id=33948, stack(0x0000001b2d200000,0x0000001b2d300000)]
  0x000001f3702e8cf0 JavaThread "Unconstrained build operations Thread 93" [_thread_blocked, id=33668, stack(0x0000001b2d300000,0x0000001b2d400000)]
  0x000001f3702e9710 JavaThread "Unconstrained build operations Thread 94" [_thread_blocked, id=29276, stack(0x0000001b2d400000,0x0000001b2d500000)]
  0x000001f3702ea640 JavaThread "Unconstrained build operations Thread 95" [_thread_blocked, id=34844, stack(0x0000001b2d500000,0x0000001b2d600000)]
  0x000001f3702eba80 JavaThread "Unconstrained build operations Thread 96" [_thread_blocked, id=6344, stack(0x0000001b2d600000,0x0000001b2d700000)]
  0x000001f3702eab50 JavaThread "Unconstrained build operations Thread 97" [_thread_blocked, id=29624, stack(0x0000001b2d700000,0x0000001b2d800000)]
  0x000001f3702ebf90 JavaThread "Unconstrained build operations Thread 98" [_thread_blocked, id=33456, stack(0x0000001b2d800000,0x0000001b2d900000)]
  0x000001f3702eb060 JavaThread "Unconstrained build operations Thread 99" [_thread_blocked, id=33856, stack(0x0000001b2d900000,0x0000001b2da00000)]
  0x000001f3702e87e0 JavaThread "Unconstrained build operations Thread 100" [_thread_blocked, id=26796, stack(0x0000001b2da00000,0x0000001b2db00000)]
  0x000001f3702e9200 JavaThread "Unconstrained build operations Thread 101" [_thread_blocked, id=6088, stack(0x0000001b2db00000,0x0000001b2dc00000)]
  0x000001f3702e9c20 JavaThread "Unconstrained build operations Thread 102" [_thread_blocked, id=31028, stack(0x0000001b2dc00000,0x0000001b2dd00000)]
  0x000001f3702ea130 JavaThread "Unconstrained build operations Thread 103" [_thread_blocked, id=34052, stack(0x0000001b2dd00000,0x0000001b2de00000)]
  0x000001f379aa7bf0 JavaThread "Unconstrained build operations Thread 104" [_thread_blocked, id=31296, stack(0x0000001b2de00000,0x0000001b2df00000)]
  0x000001f379aa5d90 JavaThread "Unconstrained build operations Thread 105" [_thread_blocked, id=28348, stack(0x0000001b2df00000,0x0000001b2e000000)]
  0x000001f379aa9030 JavaThread "Unconstrained build operations Thread 106" [_thread_blocked, id=20008, stack(0x0000001b2e000000,0x0000001b2e100000)]
  0x000001f379aa67b0 JavaThread "Unconstrained build operations Thread 107" [_thread_blocked, id=34108, stack(0x0000001b2e100000,0x0000001b2e200000)]
  0x000001f379aa6cc0 JavaThread "Unconstrained build operations Thread 108" [_thread_blocked, id=25920, stack(0x0000001b2e200000,0x0000001b2e300000)]
  0x000001f379aa71d0 JavaThread "Unconstrained build operations Thread 109" [_thread_blocked, id=33840, stack(0x0000001b2e300000,0x0000001b2e400000)]
  0x000001f379aa76e0 JavaThread "Unconstrained build operations Thread 110" [_thread_blocked, id=25900, stack(0x0000001b2e400000,0x0000001b2e500000)]
  0x000001f379aa8100 JavaThread "Unconstrained build operations Thread 111" [_thread_blocked, id=35644, stack(0x0000001b2e500000,0x0000001b2e600000)]
  0x000001f379aa8610 JavaThread "Unconstrained build operations Thread 112" [_thread_blocked, id=31760, stack(0x0000001b2e600000,0x0000001b2e700000)]
  0x000001f379aa8b20 JavaThread "Unconstrained build operations Thread 113" [_thread_blocked, id=33344, stack(0x0000001b2e700000,0x0000001b2e800000)]
  0x000001f379aa5880 JavaThread "Unconstrained build operations Thread 114" [_thread_blocked, id=29580, stack(0x0000001b2e800000,0x0000001b2e900000)]
  0x000001f379aa62a0 JavaThread "Unconstrained build operations Thread 115" [_thread_blocked, id=27472, stack(0x0000001b2e900000,0x0000001b2ea00000)]
  0x000001f37deabba0 JavaThread "Unconstrained build operations Thread 116" [_thread_blocked, id=17864, stack(0x0000001b2ea00000,0x0000001b2eb00000)]
  0x000001f37dea8e10 JavaThread "Unconstrained build operations Thread 117" [_thread_blocked, id=33564, stack(0x0000001b2eb00000,0x0000001b2ec00000)]
  0x000001f37dea9830 JavaThread "Unconstrained build operations Thread 118" [_thread_blocked, id=33960, stack(0x0000001b2ec00000,0x0000001b2ed00000)]
  0x000001f37dea9d40 JavaThread "Unconstrained build operations Thread 119" [_thread_blocked, id=33844, stack(0x0000001b2ed00000,0x0000001b2ee00000)]
  0x000001f37deaa250 JavaThread "Unconstrained build operations Thread 120" [_thread_blocked, id=10444, stack(0x0000001b2ee00000,0x0000001b2ef00000)]
  0x000001f37c315bd0 JavaThread "Cache worker for execution history cache (E:\Projects\Logiqids\android\.gradle\7.5.1\executionHistory)" [_thread_blocked, id=8608, stack(0x0000001b2ef00000,0x0000001b2f000000)]

Other Threads:
  0x000001f354d4ca00 VMThread "VM Thread" [stack: 0x0000001b22a00000,0x0000001b22b00000] [id=28936]
  0x000001f336798420 WatcherThread [stack: 0x0000001b23600000,0x0000001b23700000] [id=35508]
  0x000001f336738270 GCTaskThread "GC Thread#0" [stack: 0x0000001b22500000,0x0000001b22600000] [id=31672]
  0x000001f3754340b0 GCTaskThread "GC Thread#1" [stack: 0x0000001b23900000,0x0000001b23a00000] [id=8984]
  0x000001f375434370 GCTaskThread "GC Thread#2" [stack: 0x0000001b23a00000,0x0000001b23b00000] [id=21936]
  0x000001f375434630 GCTaskThread "GC Thread#3" [stack: 0x0000001b23b00000,0x0000001b23c00000] [id=31132]
  0x000001f3754356b0 GCTaskThread "GC Thread#4" [stack: 0x0000001b23c00000,0x0000001b23d00000] [id=33688]
  0x000001f3754353f0 GCTaskThread "GC Thread#5" [stack: 0x0000001b23d00000,0x0000001b23e00000] [id=32924]
  0x000001f375435970 GCTaskThread "GC Thread#6" [stack: 0x0000001b23e00000,0x0000001b23f00000] [id=34788]
  0x000001f3754348f0 GCTaskThread "GC Thread#7" [stack: 0x0000001b23f00000,0x0000001b24000000] [id=16016]
  0x000001f375434bb0 GCTaskThread "GC Thread#8" [stack: 0x0000001b24000000,0x0000001b24100000] [id=34224]
  0x000001f375433df0 GCTaskThread "GC Thread#9" [stack: 0x0000001b24100000,0x0000001b24200000] [id=2780]
  0x000001f336749da0 ConcurrentGCThread "G1 Main Marker" [stack: 0x0000001b22600000,0x0000001b22700000] [id=6452]
  0x000001f33674b970 ConcurrentGCThread "G1 Conc#0" [stack: 0x0000001b22700000,0x0000001b22800000] [id=27064]
  0x000001f37547e9f0 ConcurrentGCThread "G1 Conc#1" [stack: 0x0000001b25600000,0x0000001b25700000] [id=31032]
  0x000001f37547ecb0 ConcurrentGCThread "G1 Conc#2" [stack: 0x0000001b25700000,0x0000001b25800000] [id=22264]
  0x000001f354cdab80 ConcurrentGCThread "G1 Refine#0" [stack: 0x0000001b22800000,0x0000001b22900000] [id=8776]
  0x000001f375883270 ConcurrentGCThread "G1 Refine#1" [stack: 0x0000001b2f100000,0x0000001b2f200000] [id=39372]
  0x000001f375884410 ConcurrentGCThread "G1 Refine#2" [stack: 0x0000001b2f200000,0x0000001b2f300000] [id=39376]
  0x000001f3758826b0 ConcurrentGCThread "G1 Refine#3" [stack: 0x0000001b2f300000,0x0000001b2f400000] [id=39380]
  0x000001f354cdb260 ConcurrentGCThread "G1 Service" [stack: 0x0000001b22900000,0x0000001b22a00000] [id=24168]

Threads with active compile tasks:
C2 CompilerThread0    90989 20063       4       javax.management.ObjectName::construct (1135 bytes)

VM state: not at safepoint (normal execution)

VM Mutex/Monitor currently owned by a thread: None

Heap address: 0x0000000080000000, size: 2048 MB, Compressed Oops mode: 32-bit

CDS archive(s) mapped at: [0x000001f355000000-0x000001f355bd0000-0x000001f355bd0000), size 12386304, SharedBaseAddress: 0x000001f355000000, ArchiveRelocationMode: 1.
Compressed class space mapped at: 0x000001f356000000-0x000001f370000000, reserved size: 436207616
Narrow klass base: 0x000001f355000000, Narrow klass shift: 0, Narrow klass range: 0x100000000

GC Precious Log:
 CPUs: 12 total, 12 available
 Memory: 32635M
 Large Page Support: Disabled
 NUMA Support: Disabled
 Compressed Oops: Enabled (32-bit)
 Heap Region Size: 1M
 Heap Min Capacity: 8M
 Heap Initial Capacity: 510M
 Heap Max Capacity: 2G
 Pre-touch: Disabled
 Parallel Workers: 10
 Concurrent Workers: 3
 Concurrent Refinement Workers: 10
 Periodic GC: Disabled

Heap:
 garbage-first heap   total 393216K, used 311835K [0x0000000080000000, 0x0000000100000000)
  region size 1024K, 45 young (46080K), 4 survivors (4096K)
 Metaspace       used 103687K, committed 105344K, reserved 557056K
  class space    used 14223K, committed 15040K, reserved 425984K

Heap Regions: E=young(eden), S=young(survivor), O=old, HS=humongous(starts), HC=humongous(continues), CS=collection set, F=free, OA=open archive, CA=closed archive, TAMS=top-at-mark-start (previous, next)
|   0|0x0000000080000000, 0x0000000080100000, 0x0000000080100000|100%| O|  |TAMS 0x0000000080100000, 0x0000000080000000| Untracked 
|   1|0x0000000080100000, 0x0000000080200000, 0x0000000080200000|100%| O|  |TAMS 0x0000000080200000, 0x0000000080100000| Untracked 
|   2|0x0000000080200000, 0x0000000080300000, 0x0000000080300000|100%| O|  |TAMS 0x0000000080300000, 0x0000000080200000| Untracked 
|   3|0x0000000080300000, 0x0000000080400000, 0x0000000080400000|100%|HS|  |TAMS 0x0000000080400000, 0x0000000080300000| Complete 
|   4|0x0000000080400000, 0x0000000080500000, 0x0000000080500000|100%|HC|  |TAMS 0x0000000080500000, 0x0000000080400000| Complete 
|   5|0x0000000080500000, 0x0000000080600000, 0x0000000080600000|100%|HC|  |TAMS 0x0000000080600000, 0x0000000080500000| Complete 
|   6|0x0000000080600000, 0x0000000080700000, 0x0000000080700000|100%| O|  |TAMS 0x0000000080700000, 0x0000000080600000| Untracked 
|   7|0x0000000080700000, 0x0000000080800000, 0x0000000080800000|100%| O|  |TAMS 0x0000000080800000, 0x0000000080700000| Untracked 
|   8|0x0000000080800000, 0x0000000080900000, 0x0000000080900000|100%| O|  |TAMS 0x0000000080900000, 0x0000000080800000| Untracked 
|   9|0x0000000080900000, 0x0000000080a00000, 0x0000000080a00000|100%| O|  |TAMS 0x0000000080a00000, 0x0000000080900000| Untracked 
|  10|0x0000000080a00000, 0x0000000080b00000, 0x0000000080b00000|100%| O|  |TAMS 0x0000000080b00000, 0x0000000080a00000| Untracked 
|  11|0x0000000080b00000, 0x0000000080c00000, 0x0000000080c00000|100%| O|  |TAMS 0x0000000080c00000, 0x0000000080b00000| Untracked 
|  12|0x0000000080c00000, 0x0000000080d00000, 0x0000000080d00000|100%| O|  |TAMS 0x0000000080d00000, 0x0000000080c00000| Untracked 
|  13|0x0000000080d00000, 0x0000000080e00000, 0x0000000080e00000|100%| O|  |TAMS 0x0000000080e00000, 0x0000000080d00000| Untracked 
|  14|0x0000000080e00000, 0x0000000080f00000, 0x0000000080f00000|100%| O|  |TAMS 0x0000000080f00000, 0x0000000080e00000| Untracked 
|  15|0x0000000080f00000, 0x0000000081000000, 0x0000000081000000|100%| O|  |TAMS 0x0000000081000000, 0x0000000080f00000| Untracked 
|  16|0x0000000081000000, 0x0000000081100000, 0x0000000081100000|100%| O|  |TAMS 0x0000000081100000, 0x0000000081000000| Untracked 
|  17|0x0000000081100000, 0x0000000081200000, 0x0000000081200000|100%| O|  |TAMS 0x0000000081200000, 0x0000000081100000| Untracked 
|  18|0x0000000081200000, 0x0000000081300000, 0x0000000081300000|100%| O|  |TAMS 0x0000000081300000, 0x0000000081200000| Untracked 
|  19|0x0000000081300000, 0x0000000081400000, 0x0000000081400000|100%| O|  |TAMS 0x0000000081400000, 0x0000000081300000| Untracked 
|  20|0x0000000081400000, 0x0000000081500000, 0x0000000081500000|100%| O|  |TAMS 0x0000000081500000, 0x0000000081400000| Untracked 
|  21|0x0000000081500000, 0x0000000081600000, 0x0000000081600000|100%| O|  |TAMS 0x0000000081600000, 0x0000000081500000| Untracked 
|  22|0x0000000081600000, 0x0000000081700000, 0x0000000081700000|100%| O|  |TAMS 0x0000000081700000, 0x0000000081600000| Untracked 
|  23|0x0000000081700000, 0x0000000081800000, 0x0000000081800000|100%| O|  |TAMS 0x0000000081800000, 0x0000000081700000| Untracked 
|  24|0x0000000081800000, 0x0000000081900000, 0x0000000081900000|100%| O|  |TAMS 0x0000000081900000, 0x0000000081800000| Untracked 
|  25|0x0000000081900000, 0x0000000081a00000, 0x0000000081a00000|100%| O|  |TAMS 0x0000000081900000, 0x0000000081900000| Untracked 
|  26|0x0000000081a00000, 0x0000000081b00000, 0x0000000081b00000|100%| O|  |TAMS 0x0000000081b00000, 0x0000000081a00000| Untracked 
|  27|0x0000000081b00000, 0x0000000081c00000, 0x0000000081c00000|100%| O|  |TAMS 0x0000000081c00000, 0x0000000081b00000| Untracked 
|  28|0x0000000081c00000, 0x0000000081d00000, 0x0000000081d00000|100%|HS|  |TAMS 0x0000000081d00000, 0x0000000081c00000| Complete 
|  29|0x0000000081d00000, 0x0000000081e00000, 0x0000000081e00000|100%|HS|  |TAMS 0x0000000081e00000, 0x0000000081d00000| Complete 
|  30|0x0000000081e00000, 0x0000000081f00000, 0x0000000081f00000|100%|HC|  |TAMS 0x0000000081f00000, 0x0000000081e00000| Complete 
|  31|0x0000000081f00000, 0x0000000082000000, 0x0000000082000000|100%|HC|  |TAMS 0x0000000082000000, 0x0000000081f00000| Complete 
|  32|0x0000000082000000, 0x0000000082100000, 0x0000000082100000|100%| O|  |TAMS 0x0000000082100000, 0x0000000082000000| Untracked 
|  33|0x0000000082100000, 0x0000000082200000, 0x0000000082200000|100%| O|  |TAMS 0x0000000082200000, 0x0000000082100000| Untracked 
|  34|0x0000000082200000, 0x0000000082300000, 0x0000000082300000|100%| O|  |TAMS 0x0000000082300000, 0x0000000082200000| Untracked 
|  35|0x0000000082300000, 0x0000000082400000, 0x0000000082400000|100%| O|  |TAMS 0x0000000082400000, 0x0000000082300000| Untracked 
|  36|0x0000000082400000, 0x0000000082500000, 0x0000000082500000|100%| O|  |TAMS 0x0000000082500000, 0x0000000082400000| Untracked 
|  37|0x0000000082500000, 0x0000000082600000, 0x0000000082600000|100%| O|  |TAMS 0x0000000082600000, 0x0000000082500000| Untracked 
|  38|0x0000000082600000, 0x0000000082700000, 0x0000000082700000|100%| O|  |TAMS 0x0000000082700000, 0x0000000082600000| Untracked 
|  39|0x0000000082700000, 0x0000000082800000, 0x0000000082800000|100%| O|  |TAMS 0x0000000082800000, 0x0000000082700000| Untracked 
|  40|0x0000000082800000, 0x0000000082900000, 0x0000000082900000|100%| O|  |TAMS 0x0000000082900000, 0x0000000082800000| Untracked 
|  41|0x0000000082900000, 0x0000000082a00000, 0x0000000082a00000|100%| O|  |TAMS 0x0000000082a00000, 0x0000000082900000| Untracked 
|  42|0x0000000082a00000, 0x0000000082b00000, 0x0000000082b00000|100%| O|  |TAMS 0x0000000082b00000, 0x0000000082a00000| Untracked 
|  43|0x0000000082b00000, 0x0000000082c00000, 0x0000000082c00000|100%| O|  |TAMS 0x0000000082c00000, 0x0000000082b00000| Untracked 
|  44|0x0000000082c00000, 0x0000000082d00000, 0x0000000082d00000|100%| O|  |TAMS 0x0000000082d00000, 0x0000000082c00000| Untracked 
|  45|0x0000000082d00000, 0x0000000082e00000, 0x0000000082e00000|100%| O|  |TAMS 0x0000000082e00000, 0x0000000082d00000| Untracked 
|  46|0x0000000082e00000, 0x0000000082f00000, 0x0000000082f00000|100%|HS|  |TAMS 0x0000000082f00000, 0x0000000082e00000| Complete 
|  47|0x0000000082f00000, 0x0000000083000000, 0x0000000083000000|100%| O|  |TAMS 0x0000000083000000, 0x0000000082f00000| Untracked 
|  48|0x0000000083000000, 0x0000000083100000, 0x0000000083100000|100%| O|  |TAMS 0x0000000083100000, 0x0000000083000000| Untracked 
|  49|0x0000000083100000, 0x0000000083200000, 0x0000000083200000|100%| O|  |TAMS 0x0000000083200000, 0x0000000083100000| Untracked 
|  50|0x0000000083200000, 0x0000000083300000, 0x0000000083300000|100%| O|  |TAMS 0x0000000083200000, 0x0000000083200000| Untracked 
|  51|0x0000000083300000, 0x0000000083400000, 0x0000000083400000|100%| O|  |TAMS 0x0000000083400000, 0x0000000083300000| Untracked 
|  52|0x0000000083400000, 0x0000000083500000, 0x0000000083500000|100%|HS|  |TAMS 0x0000000083500000, 0x0000000083400000| Complete 
|  53|0x0000000083500000, 0x0000000083600000, 0x0000000083600000|100%| O|  |TAMS 0x0000000083600000, 0x0000000083500000| Untracked 
|  54|0x0000000083600000, 0x0000000083700000, 0x0000000083700000|100%| O|  |TAMS 0x0000000083700000, 0x0000000083600000| Untracked 
|  55|0x0000000083700000, 0x0000000083800000, 0x0000000083800000|100%| O|  |TAMS 0x0000000083800000, 0x0000000083700000| Untracked 
|  56|0x0000000083800000, 0x0000000083900000, 0x0000000083900000|100%| O|  |TAMS 0x0000000083900000, 0x0000000083800000| Untracked 
|  57|0x0000000083900000, 0x0000000083a00000, 0x0000000083a00000|100%| O|  |TAMS 0x0000000083a00000, 0x0000000083900000| Untracked 
|  58|0x0000000083a00000, 0x0000000083b00000, 0x0000000083b00000|100%| O|  |TAMS 0x0000000083b00000, 0x0000000083a00000| Untracked 
|  59|0x0000000083b00000, 0x0000000083c00000, 0x0000000083c00000|100%| O|  |TAMS 0x0000000083c00000, 0x0000000083b00000| Untracked 
|  60|0x0000000083c00000, 0x0000000083d00000, 0x0000000083d00000|100%| O|  |TAMS 0x0000000083d00000, 0x0000000083c00000| Untracked 
|  61|0x0000000083d00000, 0x0000000083e00000, 0x0000000083e00000|100%| O|  |TAMS 0x0000000083e00000, 0x0000000083d00000| Untracked 
|  62|0x0000000083e00000, 0x0000000083f00000, 0x0000000083f00000|100%| O|  |TAMS 0x0000000083f00000, 0x0000000083e00000| Untracked 
|  63|0x0000000083f00000, 0x0000000084000000, 0x0000000084000000|100%|HS|  |TAMS 0x0000000084000000, 0x0000000083f00000| Complete 
|  64|0x0000000084000000, 0x0000000084100000, 0x0000000084100000|100%|HC|  |TAMS 0x0000000084100000, 0x0000000084000000| Complete 
|  65|0x0000000084100000, 0x0000000084200000, 0x0000000084200000|100%| O|  |TAMS 0x0000000084200000, 0x0000000084100000| Untracked 
|  66|0x0000000084200000, 0x0000000084300000, 0x0000000084300000|100%| O|  |TAMS 0x0000000084300000, 0x0000000084200000| Untracked 
|  67|0x0000000084300000, 0x0000000084400000, 0x0000000084400000|100%| O|  |TAMS 0x0000000084400000, 0x0000000084300000| Untracked 
|  68|0x0000000084400000, 0x0000000084500000, 0x0000000084500000|100%| O|  |TAMS 0x0000000084500000, 0x0000000084400000| Untracked 
|  69|0x0000000084500000, 0x0000000084600000, 0x0000000084600000|100%| O|  |TAMS 0x0000000084600000, 0x0000000084500000| Untracked 
|  70|0x0000000084600000, 0x0000000084700000, 0x0000000084700000|100%| O|  |TAMS 0x0000000084700000, 0x0000000084600000| Untracked 
|  71|0x0000000084700000, 0x0000000084800000, 0x0000000084800000|100%| O|  |TAMS 0x0000000084800000, 0x0000000084700000| Untracked 
|  72|0x0000000084800000, 0x0000000084900000, 0x0000000084900000|100%| O|  |TAMS 0x0000000084900000, 0x0000000084800000| Untracked 
|  73|0x0000000084900000, 0x0000000084a00000, 0x0000000084a00000|100%| O|  |TAMS 0x0000000084a00000, 0x0000000084900000| Untracked 
|  74|0x0000000084a00000, 0x0000000084b00000, 0x0000000084b00000|100%|HS|  |TAMS 0x0000000084b00000, 0x0000000084a00000| Complete 
|  75|0x0000000084b00000, 0x0000000084c00000, 0x0000000084c00000|100%|HC|  |TAMS 0x0000000084c00000, 0x0000000084b00000| Complete 
|  76|0x0000000084c00000, 0x0000000084d00000, 0x0000000084d00000|100%|HS|  |TAMS 0x0000000084d00000, 0x0000000084c00000| Complete 
|  77|0x0000000084d00000, 0x0000000084e00000, 0x0000000084e00000|100%|HC|  |TAMS 0x0000000084e00000, 0x0000000084d00000| Complete 
|  78|0x0000000084e00000, 0x0000000084f00000, 0x0000000084f00000|100%|HC|  |TAMS 0x0000000084f00000, 0x0000000084e00000| Complete 
|  79|0x0000000084f00000, 0x0000000085000000, 0x0000000085000000|100%|HC|  |TAMS 0x0000000085000000, 0x0000000084f00000| Complete 
|  80|0x0000000085000000, 0x0000000085100000, 0x0000000085100000|100%| O|  |TAMS 0x0000000085100000, 0x0000000085000000| Untracked 
|  81|0x0000000085100000, 0x0000000085200000, 0x0000000085200000|100%| O|  |TAMS 0x0000000085200000, 0x0000000085100000| Untracked 
|  82|0x0000000085200000, 0x0000000085300000, 0x0000000085300000|100%| O|  |TAMS 0x0000000085300000, 0x0000000085200000| Untracked 
|  83|0x0000000085300000, 0x0000000085400000, 0x0000000085400000|100%| O|  |TAMS 0x0000000085400000, 0x0000000085300000| Untracked 
|  84|0x0000000085400000, 0x0000000085500000, 0x0000000085500000|100%| O|  |TAMS 0x0000000085500000, 0x0000000085400000| Untracked 
|  85|0x0000000085500000, 0x0000000085600000, 0x0000000085600000|100%| O|  |TAMS 0x0000000085600000, 0x0000000085500000| Untracked 
|  86|0x0000000085600000, 0x0000000085700000, 0x0000000085700000|100%| O|  |TAMS 0x0000000085700000, 0x0000000085600000| Untracked 
|  87|0x0000000085700000, 0x0000000085800000, 0x0000000085800000|100%|HS|  |TAMS 0x0000000085800000, 0x0000000085700000| Complete 
|  88|0x0000000085800000, 0x0000000085900000, 0x0000000085900000|100%|HC|  |TAMS 0x0000000085900000, 0x0000000085800000| Complete 
|  89|0x0000000085900000, 0x0000000085a00000, 0x0000000085a00000|100%|HS|  |TAMS 0x0000000085a00000, 0x0000000085900000| Complete 
|  90|0x0000000085a00000, 0x0000000085b00000, 0x0000000085b00000|100%|HC|  |TAMS 0x0000000085b00000, 0x0000000085a00000| Complete 
|  91|0x0000000085b00000, 0x0000000085c00000, 0x0000000085c00000|100%|HS|  |TAMS 0x0000000085c00000, 0x0000000085b00000| Complete 
|  92|0x0000000085c00000, 0x0000000085d00000, 0x0000000085d00000|100%|HS|  |TAMS 0x0000000085d00000, 0x0000000085c00000| Complete 
|  93|0x0000000085d00000, 0x0000000085e00000, 0x0000000085e00000|100%|HS|  |TAMS 0x0000000085e00000, 0x0000000085d00000| Complete 
|  94|0x0000000085e00000, 0x0000000085f00000, 0x0000000085f00000|100%|HC|  |TAMS 0x0000000085f00000, 0x0000000085e00000| Complete 
|  95|0x0000000085f00000, 0x0000000086000000, 0x0000000086000000|100%|HC|  |TAMS 0x0000000086000000, 0x0000000085f00000| Complete 
|  96|0x0000000086000000, 0x0000000086100000, 0x0000000086100000|100%|HS|  |TAMS 0x0000000086100000, 0x0000000086000000| Complete 
|  97|0x0000000086100000, 0x0000000086200000, 0x0000000086200000|100%| O|  |TAMS 0x0000000086200000, 0x0000000086100000| Untracked 
|  98|0x0000000086200000, 0x0000000086300000, 0x0000000086300000|100%| O|  |TAMS 0x0000000086300000, 0x0000000086200000| Untracked 
|  99|0x0000000086300000, 0x0000000086400000, 0x0000000086400000|100%| O|  |TAMS 0x0000000086400000, 0x0000000086300000| Untracked 
| 100|0x0000000086400000, 0x0000000086500000, 0x0000000086500000|100%| O|  |TAMS 0x0000000086500000, 0x0000000086400000| Untracked 
| 101|0x0000000086500000, 0x0000000086600000, 0x0000000086600000|100%| O|  |TAMS 0x0000000086600000, 0x0000000086500000| Untracked 
| 102|0x0000000086600000, 0x0000000086700000, 0x0000000086700000|100%| O|  |TAMS 0x0000000086700000, 0x0000000086600000| Untracked 
| 103|0x0000000086700000, 0x0000000086800000, 0x0000000086800000|100%| O|  |TAMS 0x0000000086800000, 0x0000000086700000| Untracked 
| 104|0x0000000086800000, 0x0000000086900000, 0x0000000086900000|100%| O|  |TAMS 0x0000000086900000, 0x0000000086800000| Untracked 
| 105|0x0000000086900000, 0x0000000086a00000, 0x0000000086a00000|100%| O|  |TAMS 0x0000000086a00000, 0x0000000086900000| Untracked 
| 106|0x0000000086a00000, 0x0000000086b00000, 0x0000000086b00000|100%| O|  |TAMS 0x0000000086b00000, 0x0000000086a00000| Untracked 
| 107|0x0000000086b00000, 0x0000000086c00000, 0x0000000086c00000|100%| O|  |TAMS 0x0000000086c00000, 0x0000000086b00000| Untracked 
| 108|0x0000000086c00000, 0x0000000086d00000, 0x0000000086d00000|100%| O|  |TAMS 0x0000000086d00000, 0x0000000086c00000| Untracked 
| 109|0x0000000086d00000, 0x0000000086e00000, 0x0000000086e00000|100%| O|  |TAMS 0x0000000086e00000, 0x0000000086d00000| Untracked 
| 110|0x0000000086e00000, 0x0000000086f00000, 0x0000000086f00000|100%| O|  |TAMS 0x0000000086f00000, 0x0000000086e00000| Untracked 
| 111|0x0000000086f00000, 0x0000000087000000, 0x0000000087000000|100%| O|  |TAMS 0x0000000087000000, 0x0000000086f00000| Untracked 
| 112|0x0000000087000000, 0x0000000087100000, 0x0000000087100000|100%| O|  |TAMS 0x0000000087100000, 0x0000000087000000| Untracked 
| 113|0x0000000087100000, 0x0000000087200000, 0x0000000087200000|100%| O|  |TAMS 0x0000000087200000, 0x0000000087100000| Untracked 
| 114|0x0000000087200000, 0x0000000087300000, 0x0000000087300000|100%| O|  |TAMS 0x0000000087300000, 0x0000000087200000| Untracked 
| 115|0x0000000087300000, 0x0000000087400000, 0x0000000087400000|100%| O|  |TAMS 0x0000000087400000, 0x0000000087300000| Untracked 
| 116|0x0000000087400000, 0x0000000087500000, 0x0000000087500000|100%| O|  |TAMS 0x0000000087500000, 0x0000000087400000| Untracked 
| 117|0x0000000087500000, 0x0000000087600000, 0x0000000087600000|100%| O|  |TAMS 0x0000000087600000, 0x0000000087500000| Untracked 
| 118|0x0000000087600000, 0x0000000087700000, 0x0000000087700000|100%| O|  |TAMS 0x0000000087600000, 0x0000000087600000| Untracked 
| 119|0x0000000087700000, 0x0000000087800000, 0x0000000087800000|100%|HS|  |TAMS 0x0000000087800000, 0x0000000087700000| Complete 
| 120|0x0000000087800000, 0x0000000087900000, 0x0000000087900000|100%|HC|  |TAMS 0x0000000087900000, 0x0000000087800000| Complete 
| 121|0x0000000087900000, 0x0000000087a00000, 0x0000000087a00000|100%|HC|  |TAMS 0x0000000087a00000, 0x0000000087900000| Complete 
| 122|0x0000000087a00000, 0x0000000087b00000, 0x0000000087b00000|100%| O|  |TAMS 0x0000000087b00000, 0x0000000087a00000| Untracked 
| 123|0x0000000087b00000, 0x0000000087c00000, 0x0000000087c00000|100%| O|  |TAMS 0x0000000087c00000, 0x0000000087b00000| Untracked 
| 124|0x0000000087c00000, 0x0000000087d00000, 0x0000000087d00000|100%| O|  |TAMS 0x0000000087d00000, 0x0000000087c00000| Untracked 
| 125|0x0000000087d00000, 0x0000000087e00000, 0x0000000087e00000|100%| O|  |TAMS 0x0000000087e00000, 0x0000000087d00000| Untracked 
| 126|0x0000000087e00000, 0x0000000087f00000, 0x0000000087f00000|100%| O|  |TAMS 0x0000000087f00000, 0x0000000087e00000| Untracked 
| 127|0x0000000087f00000, 0x0000000088000000, 0x0000000088000000|100%| O|  |TAMS 0x0000000088000000, 0x0000000087f00000| Untracked 
| 128|0x0000000088000000, 0x0000000088100000, 0x0000000088100000|100%| O|  |TAMS 0x0000000088100000, 0x0000000088000000| Untracked 
| 129|0x0000000088100000, 0x0000000088200000, 0x0000000088200000|100%| O|  |TAMS 0x0000000088200000, 0x0000000088100000| Untracked 
| 130|0x0000000088200000, 0x0000000088300000, 0x0000000088300000|100%| O|  |TAMS 0x0000000088300000, 0x0000000088200000| Untracked 
| 131|0x0000000088300000, 0x0000000088400000, 0x0000000088400000|100%| O|  |TAMS 0x0000000088400000, 0x0000000088300000| Untracked 
| 132|0x0000000088400000, 0x0000000088500000, 0x0000000088500000|100%| O|  |TAMS 0x0000000088500000, 0x0000000088400000| Untracked 
| 133|0x0000000088500000, 0x0000000088600000, 0x0000000088600000|100%| O|  |TAMS 0x0000000088600000, 0x0000000088500000| Untracked 
| 134|0x0000000088600000, 0x0000000088700000, 0x0000000088700000|100%| O|  |TAMS 0x0000000088700000, 0x0000000088600000| Untracked 
| 135|0x0000000088700000, 0x0000000088800000, 0x0000000088800000|100%| O|  |TAMS 0x0000000088800000, 0x0000000088700000| Untracked 
| 136|0x0000000088800000, 0x0000000088900000, 0x0000000088900000|100%| O|  |TAMS 0x0000000088900000, 0x0000000088800000| Untracked 
| 137|0x0000000088900000, 0x0000000088a00000, 0x0000000088a00000|100%| O|  |TAMS 0x0000000088a00000, 0x0000000088900000| Untracked 
| 138|0x0000000088a00000, 0x0000000088b00000, 0x0000000088b00000|100%| O|  |TAMS 0x0000000088b00000, 0x0000000088a00000| Untracked 
| 139|0x0000000088b00000, 0x0000000088c00000, 0x0000000088c00000|100%| O|  |TAMS 0x0000000088c00000, 0x0000000088b00000| Untracked 
| 140|0x0000000088c00000, 0x0000000088d00000, 0x0000000088d00000|100%| O|  |TAMS 0x0000000088c00000, 0x0000000088c00000| Untracked 
| 141|0x0000000088d00000, 0x0000000088e00000, 0x0000000088e00000|100%| O|  |TAMS 0x0000000088d00000, 0x0000000088d00000| Untracked 
| 142|0x0000000088e00000, 0x0000000088f00000, 0x0000000088f00000|100%| O|  |TAMS 0x0000000088f00000, 0x0000000088e00000| Untracked 
| 143|0x0000000088f00000, 0x0000000089000000, 0x0000000089000000|100%| O|  |TAMS 0x0000000089000000, 0x0000000088f00000| Untracked 
| 144|0x0000000089000000, 0x0000000089100000, 0x0000000089100000|100%| O|  |TAMS 0x0000000089100000, 0x0000000089000000| Untracked 
| 145|0x0000000089100000, 0x0000000089200000, 0x0000000089200000|100%| O|  |TAMS 0x0000000089200000, 0x0000000089100000| Untracked 
| 146|0x0000000089200000, 0x0000000089300000, 0x0000000089300000|100%| O|  |TAMS 0x0000000089300000, 0x0000000089200000| Untracked 
| 147|0x0000000089300000, 0x0000000089400000, 0x0000000089400000|100%| O|  |TAMS 0x0000000089400000, 0x0000000089300000| Untracked 
| 148|0x0000000089400000, 0x0000000089500000, 0x0000000089500000|100%| O|  |TAMS 0x0000000089500000, 0x0000000089400000| Untracked 
| 149|0x0000000089500000, 0x0000000089600000, 0x0000000089600000|100%| O|  |TAMS 0x0000000089600000, 0x0000000089500000| Untracked 
| 150|0x0000000089600000, 0x0000000089700000, 0x0000000089700000|100%| O|  |TAMS 0x0000000089700000, 0x0000000089600000| Untracked 
| 151|0x0000000089700000, 0x0000000089800000, 0x0000000089800000|100%| O|  |TAMS 0x0000000089800000, 0x0000000089700000| Untracked 
| 152|0x0000000089800000, 0x0000000089900000, 0x0000000089900000|100%| O|  |TAMS 0x0000000089900000, 0x0000000089800000| Untracked 
| 153|0x0000000089900000, 0x0000000089a00000, 0x0000000089a00000|100%| O|  |TAMS 0x0000000089a00000, 0x0000000089900000| Untracked 
| 154|0x0000000089a00000, 0x0000000089b00000, 0x0000000089b00000|100%| O|  |TAMS 0x0000000089b00000, 0x0000000089a00000| Untracked 
| 155|0x0000000089b00000, 0x0000000089c00000, 0x0000000089c00000|100%| O|  |TAMS 0x0000000089b00000, 0x0000000089b00000| Untracked 
| 156|0x0000000089c00000, 0x0000000089d00000, 0x0000000089d00000|100%| O|  |TAMS 0x0000000089d00000, 0x0000000089c00000| Untracked 
| 157|0x0000000089d00000, 0x0000000089e00000, 0x0000000089e00000|100%| O|  |TAMS 0x0000000089e00000, 0x0000000089d00000| Untracked 
| 158|0x0000000089e00000, 0x0000000089f00000, 0x0000000089f00000|100%| O|  |TAMS 0x0000000089f00000, 0x0000000089e00000| Untracked 
| 159|0x0000000089f00000, 0x000000008a000000, 0x000000008a000000|100%| O|  |TAMS 0x000000008a000000, 0x0000000089f00000| Untracked 
| 160|0x000000008a000000, 0x000000008a100000, 0x000000008a100000|100%| O|  |TAMS 0x000000008a100000, 0x000000008a000000| Untracked 
| 161|0x000000008a100000, 0x000000008a200000, 0x000000008a200000|100%| O|  |TAMS 0x000000008a200000, 0x000000008a100000| Untracked 
| 162|0x000000008a200000, 0x000000008a300000, 0x000000008a300000|100%| O|  |TAMS 0x000000008a300000, 0x000000008a200000| Untracked 
| 163|0x000000008a300000, 0x000000008a400000, 0x000000008a400000|100%| O|  |TAMS 0x000000008a300000, 0x000000008a300000| Untracked 
| 164|0x000000008a400000, 0x000000008a500000, 0x000000008a500000|100%| O|  |TAMS 0x000000008a500000, 0x000000008a400000| Untracked 
| 165|0x000000008a500000, 0x000000008a600000, 0x000000008a600000|100%| O|  |TAMS 0x000000008a600000, 0x000000008a500000| Untracked 
| 166|0x000000008a600000, 0x000000008a700000, 0x000000008a700000|100%| O|  |TAMS 0x000000008a700000, 0x000000008a600000| Untracked 
| 167|0x000000008a700000, 0x000000008a800000, 0x000000008a800000|100%| O|  |TAMS 0x000000008a800000, 0x000000008a700000| Untracked 
| 168|0x000000008a800000, 0x000000008a900000, 0x000000008a900000|100%| O|  |TAMS 0x000000008a900000, 0x000000008a800000| Untracked 
| 169|0x000000008a900000, 0x000000008aa00000, 0x000000008aa00000|100%| O|  |TAMS 0x000000008aa00000, 0x000000008a900000| Untracked 
| 170|0x000000008aa00000, 0x000000008ab00000, 0x000000008ab00000|100%| O|  |TAMS 0x000000008ab00000, 0x000000008aa00000| Untracked 
| 171|0x000000008ab00000, 0x000000008ac00000, 0x000000008ac00000|100%| O|  |TAMS 0x000000008ac00000, 0x000000008ab00000| Untracked 
| 172|0x000000008ac00000, 0x000000008ad00000, 0x000000008ad00000|100%| O|  |TAMS 0x000000008ad00000, 0x000000008ac00000| Untracked 
| 173|0x000000008ad00000, 0x000000008ae00000, 0x000000008ae00000|100%| O|  |TAMS 0x000000008ad6be00, 0x000000008ad00000| Untracked 
| 174|0x000000008ae00000, 0x000000008af00000, 0x000000008af00000|100%| O|  |TAMS 0x000000008ae00000, 0x000000008ae00000| Untracked 
| 175|0x000000008af00000, 0x000000008b000000, 0x000000008b000000|100%| O|  |TAMS 0x000000008af00000, 0x000000008af00000| Untracked 
| 176|0x000000008b000000, 0x000000008b100000, 0x000000008b100000|100%| O|  |TAMS 0x000000008b000000, 0x000000008b000000| Untracked 
| 177|0x000000008b100000, 0x000000008b200000, 0x000000008b200000|100%| O|  |TAMS 0x000000008b100000, 0x000000008b100000| Untracked 
| 178|0x000000008b200000, 0x000000008b300000, 0x000000008b300000|100%| O|  |TAMS 0x000000008b200000, 0x000000008b200000| Untracked 
| 179|0x000000008b300000, 0x000000008b400000, 0x000000008b400000|100%| O|  |TAMS 0x000000008b300000, 0x000000008b300000| Untracked 
| 180|0x000000008b400000, 0x000000008b500000, 0x000000008b500000|100%| O|  |TAMS 0x000000008b400000, 0x000000008b400000| Untracked 
| 181|0x000000008b500000, 0x000000008b600000, 0x000000008b600000|100%| O|  |TAMS 0x000000008b500000, 0x000000008b500000| Untracked 
| 182|0x000000008b600000, 0x000000008b700000, 0x000000008b700000|100%| O|  |TAMS 0x000000008b600000, 0x000000008b600000| Untracked 
| 183|0x000000008b700000, 0x000000008b800000, 0x000000008b800000|100%| O|  |TAMS 0x000000008b700000, 0x000000008b700000| Untracked 
| 184|0x000000008b800000, 0x000000008b900000, 0x000000008b900000|100%| O|  |TAMS 0x000000008b800000, 0x000000008b800000| Untracked 
| 185|0x000000008b900000, 0x000000008ba00000, 0x000000008ba00000|100%| O|  |TAMS 0x000000008b900000, 0x000000008b900000| Untracked 
| 186|0x000000008ba00000, 0x000000008bb00000, 0x000000008bb00000|100%| O|  |TAMS 0x000000008ba00000, 0x000000008ba00000| Untracked 
| 187|0x000000008bb00000, 0x000000008bc00000, 0x000000008bc00000|100%| O|  |TAMS 0x000000008bb00000, 0x000000008bb00000| Untracked 
| 188|0x000000008bc00000, 0x000000008bd00000, 0x000000008bd00000|100%| O|  |TAMS 0x000000008bc00000, 0x000000008bc00000| Untracked 
| 189|0x000000008bd00000, 0x000000008be00000, 0x000000008be00000|100%| O|  |TAMS 0x000000008bd00000, 0x000000008bd00000| Untracked 
| 190|0x000000008be00000, 0x000000008bf00000, 0x000000008bf00000|100%| O|  |TAMS 0x000000008be00000, 0x000000008be00000| Untracked 
| 191|0x000000008bf00000, 0x000000008c000000, 0x000000008c000000|100%| O|  |TAMS 0x000000008bf00000, 0x000000008bf00000| Untracked 
| 192|0x000000008c000000, 0x000000008c100000, 0x000000008c100000|100%| O|  |TAMS 0x000000008c000000, 0x000000008c000000| Untracked 
| 193|0x000000008c100000, 0x000000008c200000, 0x000000008c200000|100%| O|  |TAMS 0x000000008c100000, 0x000000008c100000| Untracked 
| 194|0x000000008c200000, 0x000000008c300000, 0x000000008c300000|100%| O|  |TAMS 0x000000008c200000, 0x000000008c200000| Untracked 
| 195|0x000000008c300000, 0x000000008c400000, 0x000000008c400000|100%| O|  |TAMS 0x000000008c300000, 0x000000008c300000| Untracked 
| 196|0x000000008c400000, 0x000000008c500000, 0x000000008c500000|100%| O|  |TAMS 0x000000008c400000, 0x000000008c400000| Untracked 
| 197|0x000000008c500000, 0x000000008c600000, 0x000000008c600000|100%| O|  |TAMS 0x000000008c500000, 0x000000008c500000| Untracked 
| 198|0x000000008c600000, 0x000000008c700000, 0x000000008c700000|100%| O|  |TAMS 0x000000008c600000, 0x000000008c600000| Untracked 
| 199|0x000000008c700000, 0x000000008c800000, 0x000000008c800000|100%| O|  |TAMS 0x000000008c700000, 0x000000008c700000| Untracked 
| 200|0x000000008c800000, 0x000000008c900000, 0x000000008c900000|100%| O|  |TAMS 0x000000008c800000, 0x000000008c800000| Untracked 
| 201|0x000000008c900000, 0x000000008ca00000, 0x000000008ca00000|100%| O|  |TAMS 0x000000008c900000, 0x000000008c900000| Untracked 
| 202|0x000000008ca00000, 0x000000008cb00000, 0x000000008cb00000|100%| O|  |TAMS 0x000000008ca00000, 0x000000008ca00000| Untracked 
| 203|0x000000008cb00000, 0x000000008cc00000, 0x000000008cc00000|100%| O|  |TAMS 0x000000008cb00000, 0x000000008cb00000| Untracked 
| 204|0x000000008cc00000, 0x000000008cd00000, 0x000000008cd00000|100%| O|  |TAMS 0x000000008cc00000, 0x000000008cc00000| Untracked 
| 205|0x000000008cd00000, 0x000000008ce00000, 0x000000008ce00000|100%| O|  |TAMS 0x000000008cd00000, 0x000000008cd00000| Untracked 
| 206|0x000000008ce00000, 0x000000008cf00000, 0x000000008cf00000|100%| O|  |TAMS 0x000000008ce00000, 0x000000008ce00000| Untracked 
| 207|0x000000008cf00000, 0x000000008d000000, 0x000000008d000000|100%| O|  |TAMS 0x000000008cf00000, 0x000000008cf00000| Untracked 
| 208|0x000000008d000000, 0x000000008d100000, 0x000000008d100000|100%| O|  |TAMS 0x000000008d000000, 0x000000008d000000| Untracked 
| 209|0x000000008d100000, 0x000000008d200000, 0x000000008d200000|100%| O|  |TAMS 0x000000008d100000, 0x000000008d100000| Untracked 
| 210|0x000000008d200000, 0x000000008d300000, 0x000000008d300000|100%| O|  |TAMS 0x000000008d200000, 0x000000008d200000| Untracked 
| 211|0x000000008d300000, 0x000000008d400000, 0x000000008d400000|100%| O|  |TAMS 0x000000008d300000, 0x000000008d300000| Untracked 
| 212|0x000000008d400000, 0x000000008d500000, 0x000000008d500000|100%| O|  |TAMS 0x000000008d400000, 0x000000008d400000| Untracked 
| 213|0x000000008d500000, 0x000000008d600000, 0x000000008d600000|100%| O|  |TAMS 0x000000008d500000, 0x000000008d500000| Untracked 
| 214|0x000000008d600000, 0x000000008d700000, 0x000000008d700000|100%| O|  |TAMS 0x000000008d600000, 0x000000008d600000| Untracked 
| 215|0x000000008d700000, 0x000000008d800000, 0x000000008d800000|100%| O|  |TAMS 0x000000008d700000, 0x000000008d700000| Untracked 
| 216|0x000000008d800000, 0x000000008d900000, 0x000000008d900000|100%| O|  |TAMS 0x000000008d800000, 0x000000008d800000| Untracked 
| 217|0x000000008d900000, 0x000000008da00000, 0x000000008da00000|100%| O|  |TAMS 0x000000008d900000, 0x000000008d900000| Untracked 
| 218|0x000000008da00000, 0x000000008db00000, 0x000000008db00000|100%| O|  |TAMS 0x000000008da00000, 0x000000008da00000| Untracked 
| 219|0x000000008db00000, 0x000000008dc00000, 0x000000008dc00000|100%| O|  |TAMS 0x000000008db00000, 0x000000008db00000| Untracked 
| 220|0x000000008dc00000, 0x000000008dd00000, 0x000000008dd00000|100%| O|  |TAMS 0x000000008dc00000, 0x000000008dc00000| Untracked 
| 221|0x000000008dd00000, 0x000000008de00000, 0x000000008de00000|100%| O|  |TAMS 0x000000008dd00000, 0x000000008dd00000| Untracked 
| 222|0x000000008de00000, 0x000000008df00000, 0x000000008df00000|100%| O|  |TAMS 0x000000008de00000, 0x000000008de00000| Untracked 
| 223|0x000000008df00000, 0x000000008e000000, 0x000000008e000000|100%| O|  |TAMS 0x000000008df00000, 0x000000008df00000| Untracked 
| 224|0x000000008e000000, 0x000000008e100000, 0x000000008e100000|100%| O|  |TAMS 0x000000008e000000, 0x000000008e000000| Untracked 
| 225|0x000000008e100000, 0x000000008e200000, 0x000000008e200000|100%| O|  |TAMS 0x000000008e100000, 0x000000008e100000| Untracked 
| 226|0x000000008e200000, 0x000000008e300000, 0x000000008e300000|100%| O|  |TAMS 0x000000008e200000, 0x000000008e200000| Untracked 
| 227|0x000000008e300000, 0x000000008e400000, 0x000000008e400000|100%| O|  |TAMS 0x000000008e300000, 0x000000008e300000| Untracked 
| 228|0x000000008e400000, 0x000000008e500000, 0x000000008e500000|100%| O|  |TAMS 0x000000008e400000, 0x000000008e400000| Untracked 
| 229|0x000000008e500000, 0x000000008e600000, 0x000000008e600000|100%| O|  |TAMS 0x000000008e500000, 0x000000008e500000| Untracked 
| 230|0x000000008e600000, 0x000000008e700000, 0x000000008e700000|100%| O|  |TAMS 0x000000008e600000, 0x000000008e600000| Untracked 
| 231|0x000000008e700000, 0x000000008e800000, 0x000000008e800000|100%| O|  |TAMS 0x000000008e700000, 0x000000008e700000| Untracked 
| 232|0x000000008e800000, 0x000000008e900000, 0x000000008e900000|100%| O|  |TAMS 0x000000008e800000, 0x000000008e800000| Untracked 
| 233|0x000000008e900000, 0x000000008ea00000, 0x000000008ea00000|100%| O|  |TAMS 0x000000008e900000, 0x000000008e900000| Untracked 
| 234|0x000000008ea00000, 0x000000008eb00000, 0x000000008eb00000|100%| O|  |TAMS 0x000000008ea00000, 0x000000008ea00000| Untracked 
| 235|0x000000008eb00000, 0x000000008ec00000, 0x000000008ec00000|100%| O|  |TAMS 0x000000008eb00000, 0x000000008eb00000| Untracked 
| 236|0x000000008ec00000, 0x000000008ed00000, 0x000000008ed00000|100%| O|  |TAMS 0x000000008ec00000, 0x000000008ec00000| Untracked 
| 237|0x000000008ed00000, 0x000000008ee00000, 0x000000008ee00000|100%| O|  |TAMS 0x000000008ed00000, 0x000000008ed00000| Untracked 
| 238|0x000000008ee00000, 0x000000008ef00000, 0x000000008ef00000|100%| O|  |TAMS 0x000000008ee00000, 0x000000008ee00000| Untracked 
| 239|0x000000008ef00000, 0x000000008f000000, 0x000000008f000000|100%| O|  |TAMS 0x000000008ef00000, 0x000000008ef00000| Untracked 
| 240|0x000000008f000000, 0x000000008f100000, 0x000000008f100000|100%| O|  |TAMS 0x000000008f000000, 0x000000008f000000| Untracked 
| 241|0x000000008f100000, 0x000000008f200000, 0x000000008f200000|100%| O|  |TAMS 0x000000008f100000, 0x000000008f100000| Untracked 
| 242|0x000000008f200000, 0x000000008f300000, 0x000000008f300000|100%| O|  |TAMS 0x000000008f200000, 0x000000008f200000| Untracked 
| 243|0x000000008f300000, 0x000000008f400000, 0x000000008f400000|100%| O|  |TAMS 0x000000008f300000, 0x000000008f300000| Untracked 
| 244|0x000000008f400000, 0x000000008f500000, 0x000000008f500000|100%| O|  |TAMS 0x000000008f400000, 0x000000008f400000| Untracked 
| 245|0x000000008f500000, 0x000000008f600000, 0x000000008f600000|100%| O|  |TAMS 0x000000008f500000, 0x000000008f500000| Untracked 
| 246|0x000000008f600000, 0x000000008f700000, 0x000000008f700000|100%| O|  |TAMS 0x000000008f600000, 0x000000008f600000| Untracked 
| 247|0x000000008f700000, 0x000000008f800000, 0x000000008f800000|100%| O|  |TAMS 0x000000008f700000, 0x000000008f700000| Untracked 
| 248|0x000000008f800000, 0x000000008f900000, 0x000000008f900000|100%| O|  |TAMS 0x000000008f800000, 0x000000008f800000| Untracked 
| 249|0x000000008f900000, 0x000000008fa00000, 0x000000008fa00000|100%| O|  |TAMS 0x000000008f900000, 0x000000008f900000| Untracked 
| 250|0x000000008fa00000, 0x000000008fb00000, 0x000000008fb00000|100%| O|  |TAMS 0x000000008fa00000, 0x000000008fa00000| Untracked 
| 251|0x000000008fb00000, 0x000000008fc00000, 0x000000008fc00000|100%| O|  |TAMS 0x000000008fb00000, 0x000000008fb00000| Untracked 
| 252|0x000000008fc00000, 0x000000008fd00000, 0x000000008fd00000|100%| O|  |TAMS 0x000000008fc00000, 0x000000008fc00000| Untracked 
| 253|0x000000008fd00000, 0x000000008fe00000, 0x000000008fe00000|100%| O|  |TAMS 0x000000008fd00000, 0x000000008fd00000| Untracked 
| 254|0x000000008fe00000, 0x000000008ff00000, 0x000000008ff00000|100%| O|  |TAMS 0x000000008fe00000, 0x000000008fe00000| Untracked 
| 255|0x000000008ff00000, 0x0000000090000000, 0x0000000090000000|100%| O|  |TAMS 0x000000008ff00000, 0x000000008ff00000| Untracked 
| 256|0x0000000090000000, 0x0000000090100000, 0x0000000090100000|100%| O|  |TAMS 0x0000000090000000, 0x0000000090000000| Untracked 
| 257|0x0000000090100000, 0x0000000090200000, 0x0000000090200000|100%| O|  |TAMS 0x0000000090100000, 0x0000000090100000| Untracked 
| 258|0x0000000090200000, 0x0000000090300000, 0x0000000090300000|100%| O|  |TAMS 0x0000000090200000, 0x0000000090200000| Untracked 
| 259|0x0000000090300000, 0x0000000090400000, 0x0000000090400000|100%| O|  |TAMS 0x0000000090300000, 0x0000000090300000| Untracked 
| 260|0x0000000090400000, 0x0000000090500000, 0x0000000090500000|100%| O|  |TAMS 0x0000000090400000, 0x0000000090400000| Untracked 
| 261|0x0000000090500000, 0x0000000090500000, 0x0000000090600000|  0%| F|  |TAMS 0x0000000090500000, 0x0000000090500000| Untracked 
| 262|0x0000000090600000, 0x0000000090600000, 0x0000000090700000|  0%| F|  |TAMS 0x0000000090600000, 0x0000000090600000| Untracked 
| 263|0x0000000090700000, 0x0000000090700000, 0x0000000090800000|  0%| F|  |TAMS 0x0000000090700000, 0x0000000090700000| Untracked 
| 264|0x0000000090800000, 0x0000000090800000, 0x0000000090900000|  0%| F|  |TAMS 0x0000000090800000, 0x0000000090800000| Untracked 
| 265|0x0000000090900000, 0x0000000090900000, 0x0000000090a00000|  0%| F|  |TAMS 0x0000000090900000, 0x0000000090900000| Untracked 
| 266|0x0000000090a00000, 0x0000000090a00000, 0x0000000090b00000|  0%| F|  |TAMS 0x0000000090a00000, 0x0000000090a00000| Untracked 
| 267|0x0000000090b00000, 0x0000000090b00000, 0x0000000090c00000|  0%| F|  |TAMS 0x0000000090b00000, 0x0000000090b00000| Untracked 
| 268|0x0000000090c00000, 0x0000000090c00000, 0x0000000090d00000|  0%| F|  |TAMS 0x0000000090c00000, 0x0000000090c00000| Untracked 
| 269|0x0000000090d00000, 0x0000000090d00000, 0x0000000090e00000|  0%| F|  |TAMS 0x0000000090d00000, 0x0000000090d00000| Untracked 
| 270|0x0000000090e00000, 0x0000000090e00000, 0x0000000090f00000|  0%| F|  |TAMS 0x0000000090e00000, 0x0000000090e00000| Untracked 
| 271|0x0000000090f00000, 0x0000000090f00000, 0x0000000091000000|  0%| F|  |TAMS 0x0000000090f00000, 0x0000000090f00000| Untracked 
| 272|0x0000000091000000, 0x0000000091000000, 0x0000000091100000|  0%| F|  |TAMS 0x0000000091000000, 0x0000000091000000| Untracked 
| 273|0x0000000091100000, 0x0000000091100000, 0x0000000091200000|  0%| F|  |TAMS 0x0000000091100000, 0x0000000091100000| Untracked 
| 274|0x0000000091200000, 0x0000000091200000, 0x0000000091300000|  0%| F|  |TAMS 0x0000000091200000, 0x0000000091200000| Untracked 
| 275|0x0000000091300000, 0x0000000091300000, 0x0000000091400000|  0%| F|  |TAMS 0x0000000091300000, 0x0000000091300000| Untracked 
| 276|0x0000000091400000, 0x0000000091400000, 0x0000000091500000|  0%| F|  |TAMS 0x0000000091400000, 0x0000000091400000| Untracked 
| 277|0x0000000091500000, 0x0000000091500000, 0x0000000091600000|  0%| F|  |TAMS 0x0000000091500000, 0x0000000091500000| Untracked 
| 278|0x0000000091600000, 0x0000000091600000, 0x0000000091700000|  0%| F|  |TAMS 0x0000000091600000, 0x0000000091600000| Untracked 
| 279|0x0000000091700000, 0x0000000091700000, 0x0000000091800000|  0%| F|  |TAMS 0x0000000091700000, 0x0000000091700000| Untracked 
| 280|0x0000000091800000, 0x0000000091800000, 0x0000000091900000|  0%| F|  |TAMS 0x0000000091800000, 0x0000000091800000| Untracked 
| 281|0x0000000091900000, 0x0000000091900000, 0x0000000091a00000|  0%| F|  |TAMS 0x0000000091900000, 0x0000000091900000| Untracked 
| 282|0x0000000091a00000, 0x0000000091a00000, 0x0000000091b00000|  0%| F|  |TAMS 0x0000000091a00000, 0x0000000091a00000| Untracked 
| 283|0x0000000091b00000, 0x0000000091b00000, 0x0000000091c00000|  0%| F|  |TAMS 0x0000000091b00000, 0x0000000091b00000| Untracked 
| 284|0x0000000091c00000, 0x0000000091c00000, 0x0000000091d00000|  0%| F|  |TAMS 0x0000000091c00000, 0x0000000091c00000| Untracked 
| 285|0x0000000091d00000, 0x0000000091d00000, 0x0000000091e00000|  0%| F|  |TAMS 0x0000000091d00000, 0x0000000091d00000| Untracked 
| 286|0x0000000091e00000, 0x0000000091e00000, 0x0000000091f00000|  0%| F|  |TAMS 0x0000000091e00000, 0x0000000091e00000| Untracked 
| 287|0x0000000091f00000, 0x0000000091f00000, 0x0000000092000000|  0%| F|  |TAMS 0x0000000091f00000, 0x0000000091f00000| Untracked 
| 288|0x0000000092000000, 0x0000000092000000, 0x0000000092100000|  0%| F|  |TAMS 0x0000000092000000, 0x0000000092000000| Untracked 
| 289|0x0000000092100000, 0x0000000092100000, 0x0000000092200000|  0%| F|  |TAMS 0x0000000092100000, 0x0000000092100000| Untracked 
| 290|0x0000000092200000, 0x0000000092200000, 0x0000000092300000|  0%| F|  |TAMS 0x0000000092200000, 0x0000000092200000| Untracked 
| 291|0x0000000092300000, 0x0000000092300000, 0x0000000092400000|  0%| F|  |TAMS 0x0000000092300000, 0x0000000092300000| Untracked 
| 292|0x0000000092400000, 0x0000000092400000, 0x0000000092500000|  0%| F|  |TAMS 0x0000000092400000, 0x0000000092400000| Untracked 
| 293|0x0000000092500000, 0x0000000092500000, 0x0000000092600000|  0%| F|  |TAMS 0x0000000092500000, 0x0000000092500000| Untracked 
| 294|0x0000000092600000, 0x0000000092600000, 0x0000000092700000|  0%| F|  |TAMS 0x0000000092600000, 0x0000000092600000| Untracked 
| 295|0x0000000092700000, 0x0000000092700000, 0x0000000092800000|  0%| F|  |TAMS 0x0000000092700000, 0x0000000092700000| Untracked 
| 296|0x0000000092800000, 0x0000000092800000, 0x0000000092900000|  0%| F|  |TAMS 0x0000000092800000, 0x0000000092800000| Untracked 
| 297|0x0000000092900000, 0x0000000092900000, 0x0000000092a00000|  0%| F|  |TAMS 0x0000000092900000, 0x0000000092900000| Untracked 
| 298|0x0000000092a00000, 0x0000000092a00000, 0x0000000092b00000|  0%| F|  |TAMS 0x0000000092a00000, 0x0000000092a00000| Untracked 
| 299|0x0000000092b00000, 0x0000000092b00000, 0x0000000092c00000|  0%| F|  |TAMS 0x0000000092b00000, 0x0000000092b00000| Untracked 
| 300|0x0000000092c00000, 0x0000000092c00000, 0x0000000092d00000|  0%| F|  |TAMS 0x0000000092c00000, 0x0000000092c00000| Untracked 
| 301|0x0000000092d00000, 0x0000000092d00000, 0x0000000092e00000|  0%| F|  |TAMS 0x0000000092d00000, 0x0000000092d00000| Untracked 
| 302|0x0000000092e00000, 0x0000000092e00000, 0x0000000092f00000|  0%| F|  |TAMS 0x0000000092e00000, 0x0000000092e00000| Untracked 
| 303|0x0000000092f00000, 0x0000000092f00000, 0x0000000093000000|  0%| F|  |TAMS 0x0000000092f00000, 0x0000000092f00000| Untracked 
| 304|0x0000000093000000, 0x0000000093000000, 0x0000000093100000|  0%| F|  |TAMS 0x0000000093000000, 0x0000000093000000| Untracked 
| 305|0x0000000093100000, 0x0000000093100000, 0x0000000093200000|  0%| F|  |TAMS 0x0000000093100000, 0x0000000093100000| Untracked 
| 306|0x0000000093200000, 0x0000000093200000, 0x0000000093300000|  0%| F|  |TAMS 0x0000000093200000, 0x0000000093200000| Untracked 
| 307|0x0000000093300000, 0x0000000093300000, 0x0000000093400000|  0%| F|  |TAMS 0x0000000093300000, 0x0000000093300000| Untracked 
| 308|0x0000000093400000, 0x0000000093400000, 0x0000000093500000|  0%| F|  |TAMS 0x0000000093400000, 0x0000000093400000| Untracked 
| 309|0x0000000093500000, 0x0000000093500000, 0x0000000093600000|  0%| F|  |TAMS 0x0000000093500000, 0x0000000093500000| Untracked 
| 310|0x0000000093600000, 0x0000000093600000, 0x0000000093700000|  0%| F|  |TAMS 0x0000000093600000, 0x0000000093600000| Untracked 
| 311|0x0000000093700000, 0x0000000093700000, 0x0000000093800000|  0%| F|  |TAMS 0x0000000093700000, 0x0000000093700000| Untracked 
| 312|0x0000000093800000, 0x0000000093800000, 0x0000000093900000|  0%| F|  |TAMS 0x0000000093800000, 0x0000000093800000| Untracked 
| 313|0x0000000093900000, 0x0000000093900000, 0x0000000093a00000|  0%| F|  |TAMS 0x0000000093900000, 0x0000000093900000| Untracked 
| 314|0x0000000093a00000, 0x0000000093a00000, 0x0000000093b00000|  0%| F|  |TAMS 0x0000000093a00000, 0x0000000093a00000| Untracked 
| 315|0x0000000093b00000, 0x0000000093b00000, 0x0000000093c00000|  0%| F|  |TAMS 0x0000000093b00000, 0x0000000093b00000| Untracked 
| 316|0x0000000093c00000, 0x0000000093c00000, 0x0000000093d00000|  0%| F|  |TAMS 0x0000000093c00000, 0x0000000093c00000| Untracked 
| 317|0x0000000093d00000, 0x0000000093d00000, 0x0000000093e00000|  0%| F|  |TAMS 0x0000000093d00000, 0x0000000093d00000| Untracked 
| 318|0x0000000093e00000, 0x0000000093e00000, 0x0000000093f00000|  0%| F|  |TAMS 0x0000000093e00000, 0x0000000093e00000| Untracked 
| 319|0x0000000093f00000, 0x0000000093f00000, 0x0000000094000000|  0%| F|  |TAMS 0x0000000093f00000, 0x0000000093f00000| Untracked 
| 320|0x0000000094000000, 0x0000000094000000, 0x0000000094100000|  0%| F|  |TAMS 0x0000000094000000, 0x0000000094000000| Untracked 
| 321|0x0000000094100000, 0x0000000094186cd0, 0x0000000094200000| 52%| S|CS|TAMS 0x0000000094100000, 0x0000000094100000| Complete 
| 322|0x0000000094200000, 0x0000000094300000, 0x0000000094300000|100%| S|CS|TAMS 0x0000000094200000, 0x0000000094200000| Complete 
| 323|0x0000000094300000, 0x0000000094400000, 0x0000000094400000|100%| S|CS|TAMS 0x0000000094300000, 0x0000000094300000| Complete 
| 324|0x0000000094400000, 0x0000000094500000, 0x0000000094500000|100%| S|CS|TAMS 0x0000000094400000, 0x0000000094400000| Complete 
| 325|0x0000000094500000, 0x0000000094500000, 0x0000000094600000|  0%| F|  |TAMS 0x0000000094500000, 0x0000000094500000| Untracked 
| 326|0x0000000094600000, 0x0000000094600000, 0x0000000094700000|  0%| F|  |TAMS 0x0000000094600000, 0x0000000094600000| Untracked 
| 327|0x0000000094700000, 0x0000000094700000, 0x0000000094800000|  0%| F|  |TAMS 0x0000000094700000, 0x0000000094700000| Untracked 
| 328|0x0000000094800000, 0x0000000094800000, 0x0000000094900000|  0%| F|  |TAMS 0x0000000094800000, 0x0000000094800000| Untracked 
| 329|0x0000000094900000, 0x0000000094900000, 0x0000000094a00000|  0%| F|  |TAMS 0x0000000094900000, 0x0000000094900000| Untracked 
| 330|0x0000000094a00000, 0x0000000094a00000, 0x0000000094b00000|  0%| F|  |TAMS 0x0000000094a00000, 0x0000000094a00000| Untracked 
| 331|0x0000000094b00000, 0x0000000094b00000, 0x0000000094c00000|  0%| F|  |TAMS 0x0000000094b00000, 0x0000000094b00000| Untracked 
| 332|0x0000000094c00000, 0x0000000094c00000, 0x0000000094d00000|  0%| F|  |TAMS 0x0000000094c00000, 0x0000000094c00000| Untracked 
| 333|0x0000000094d00000, 0x0000000094d00000, 0x0000000094e00000|  0%| F|  |TAMS 0x0000000094d00000, 0x0000000094d00000| Untracked 
| 334|0x0000000094e00000, 0x0000000094e00000, 0x0000000094f00000|  0%| F|  |TAMS 0x0000000094e00000, 0x0000000094e00000| Untracked 
| 335|0x0000000094f00000, 0x0000000094f00000, 0x0000000095000000|  0%| F|  |TAMS 0x0000000094f00000, 0x0000000094f00000| Untracked 
| 336|0x0000000095000000, 0x0000000095000000, 0x0000000095100000|  0%| F|  |TAMS 0x0000000095000000, 0x0000000095000000| Untracked 
| 337|0x0000000095100000, 0x0000000095100000, 0x0000000095200000|  0%| F|  |TAMS 0x0000000095100000, 0x0000000095100000| Untracked 
| 338|0x0000000095200000, 0x0000000095200000, 0x0000000095300000|  0%| F|  |TAMS 0x0000000095200000, 0x0000000095200000| Untracked 
| 339|0x0000000095300000, 0x0000000095300000, 0x0000000095400000|  0%| F|  |TAMS 0x0000000095300000, 0x0000000095300000| Untracked 
| 340|0x0000000095400000, 0x0000000095400000, 0x0000000095500000|  0%| F|  |TAMS 0x0000000095400000, 0x0000000095400000| Untracked 
| 341|0x0000000095500000, 0x0000000095500000, 0x0000000095600000|  0%| F|  |TAMS 0x0000000095500000, 0x0000000095500000| Untracked 
| 342|0x0000000095600000, 0x0000000095600000, 0x0000000095700000|  0%| F|  |TAMS 0x0000000095600000, 0x0000000095600000| Untracked 
| 343|0x0000000095700000, 0x000000009570e0d0, 0x0000000095800000|  5%| E|  |TAMS 0x0000000095700000, 0x0000000095700000| Complete 
| 344|0x0000000095800000, 0x0000000095900000, 0x0000000095900000|100%| E|CS|TAMS 0x0000000095800000, 0x0000000095800000| Complete 
| 345|0x0000000095900000, 0x0000000095a00000, 0x0000000095a00000|100%| E|CS|TAMS 0x0000000095900000, 0x0000000095900000| Complete 
| 346|0x0000000095a00000, 0x0000000095b00000, 0x0000000095b00000|100%| E|CS|TAMS 0x0000000095a00000, 0x0000000095a00000| Complete 
| 347|0x0000000095b00000, 0x0000000095c00000, 0x0000000095c00000|100%| E|CS|TAMS 0x0000000095b00000, 0x0000000095b00000| Complete 
| 348|0x0000000095c00000, 0x0000000095d00000, 0x0000000095d00000|100%| E|CS|TAMS 0x0000000095c00000, 0x0000000095c00000| Complete 
| 349|0x0000000095d00000, 0x0000000095e00000, 0x0000000095e00000|100%| E|CS|TAMS 0x0000000095d00000, 0x0000000095d00000| Complete 
| 350|0x0000000095e00000, 0x0000000095f00000, 0x0000000095f00000|100%| E|CS|TAMS 0x0000000095e00000, 0x0000000095e00000| Complete 
| 351|0x0000000095f00000, 0x0000000096000000, 0x0000000096000000|100%| E|CS|TAMS 0x0000000095f00000, 0x0000000095f00000| Complete 
| 352|0x0000000096000000, 0x0000000096100000, 0x0000000096100000|100%| E|CS|TAMS 0x0000000096000000, 0x0000000096000000| Complete 
| 353|0x0000000096100000, 0x0000000096200000, 0x0000000096200000|100%| E|CS|TAMS 0x0000000096100000, 0x0000000096100000| Complete 
| 354|0x0000000096200000, 0x0000000096300000, 0x0000000096300000|100%| E|CS|TAMS 0x0000000096200000, 0x0000000096200000| Complete 
| 355|0x0000000096300000, 0x0000000096400000, 0x0000000096400000|100%| E|CS|TAMS 0x0000000096300000, 0x0000000096300000| Complete 
| 356|0x0000000096400000, 0x0000000096500000, 0x0000000096500000|100%| E|CS|TAMS 0x0000000096400000, 0x0000000096400000| Complete 
| 357|0x0000000096500000, 0x0000000096600000, 0x0000000096600000|100%| E|CS|TAMS 0x0000000096500000, 0x0000000096500000| Complete 
| 358|0x0000000096600000, 0x0000000096700000, 0x0000000096700000|100%| E|CS|TAMS 0x0000000096600000, 0x0000000096600000| Complete 
| 359|0x0000000096700000, 0x0000000096800000, 0x0000000096800000|100%| E|CS|TAMS 0x0000000096700000, 0x0000000096700000| Complete 
| 360|0x0000000096800000, 0x0000000096900000, 0x0000000096900000|100%| E|CS|TAMS 0x0000000096800000, 0x0000000096800000| Complete 
| 361|0x0000000096900000, 0x0000000096a00000, 0x0000000096a00000|100%| E|CS|TAMS 0x0000000096900000, 0x0000000096900000| Complete 
| 362|0x0000000096a00000, 0x0000000096b00000, 0x0000000096b00000|100%| E|CS|TAMS 0x0000000096a00000, 0x0000000096a00000| Complete 
| 363|0x0000000096b00000, 0x0000000096c00000, 0x0000000096c00000|100%| E|CS|TAMS 0x0000000096b00000, 0x0000000096b00000| Complete 
| 364|0x0000000096c00000, 0x0000000096d00000, 0x0000000096d00000|100%| E|CS|TAMS 0x0000000096c00000, 0x0000000096c00000| Complete 
| 365|0x0000000096d00000, 0x0000000096e00000, 0x0000000096e00000|100%| E|CS|TAMS 0x0000000096d00000, 0x0000000096d00000| Complete 
| 366|0x0000000096e00000, 0x0000000096f00000, 0x0000000096f00000|100%| E|CS|TAMS 0x0000000096e00000, 0x0000000096e00000| Complete 
| 367|0x0000000096f00000, 0x0000000097000000, 0x0000000097000000|100%| E|CS|TAMS 0x0000000096f00000, 0x0000000096f00000| Complete 
| 368|0x0000000097000000, 0x0000000097100000, 0x0000000097100000|100%| E|CS|TAMS 0x0000000097000000, 0x0000000097000000| Complete 
| 369|0x0000000097100000, 0x0000000097200000, 0x0000000097200000|100%| E|CS|TAMS 0x0000000097100000, 0x0000000097100000| Complete 
| 370|0x0000000097200000, 0x0000000097300000, 0x0000000097300000|100%| E|CS|TAMS 0x0000000097200000, 0x0000000097200000| Complete 
| 371|0x0000000097300000, 0x0000000097400000, 0x0000000097400000|100%| E|CS|TAMS 0x0000000097300000, 0x0000000097300000| Complete 
| 372|0x0000000097400000, 0x0000000097500000, 0x0000000097500000|100%| E|CS|TAMS 0x0000000097400000, 0x0000000097400000| Complete 
| 373|0x0000000097500000, 0x0000000097600000, 0x0000000097600000|100%| E|CS|TAMS 0x0000000097500000, 0x0000000097500000| Complete 
| 374|0x0000000097600000, 0x0000000097700000, 0x0000000097700000|100%| E|CS|TAMS 0x0000000097600000, 0x0000000097600000| Complete 
| 375|0x0000000097700000, 0x0000000097800000, 0x0000000097800000|100%| E|CS|TAMS 0x0000000097700000, 0x0000000097700000| Complete 
| 376|0x0000000097800000, 0x0000000097900000, 0x0000000097900000|100%| E|CS|TAMS 0x0000000097800000, 0x0000000097800000| Complete 
| 377|0x0000000097900000, 0x0000000097a00000, 0x0000000097a00000|100%| E|CS|TAMS 0x0000000097900000, 0x0000000097900000| Complete 
| 378|0x0000000097a00000, 0x0000000097b00000, 0x0000000097b00000|100%| E|CS|TAMS 0x0000000097a00000, 0x0000000097a00000| Complete 
| 379|0x0000000097b00000, 0x0000000097c00000, 0x0000000097c00000|100%| E|CS|TAMS 0x0000000097b00000, 0x0000000097b00000| Complete 
| 380|0x0000000097c00000, 0x0000000097d00000, 0x0000000097d00000|100%| E|CS|TAMS 0x0000000097c00000, 0x0000000097c00000| Complete 
| 381|0x0000000097d00000, 0x0000000097e00000, 0x0000000097e00000|100%| E|CS|TAMS 0x0000000097d00000, 0x0000000097d00000| Complete 
| 406|0x0000000099600000, 0x0000000099700000, 0x0000000099700000|100%| E|CS|TAMS 0x0000000099600000, 0x0000000099600000| Complete 
| 509|0x000000009fd00000, 0x000000009fe00000, 0x000000009fe00000|100%| E|CS|TAMS 0x000000009fd00000, 0x000000009fd00000| Complete 

Card table byte_map: [0x000001f34d8d0000,0x000001f34dcd0000] _byte_map_base: 0x000001f34d4d0000

Marking Bits (Prev, Next): (CMBitMap*) 0x000001f3367387a0, (CMBitMap*) 0x000001f3367387e0
 Prev Bits: [0x000001f34e0d0000, 0x000001f3500d0000)
 Next Bits: [0x000001f3500d0000, 0x000001f3520d0000)

Polling page: 0x000001f334620000

Metaspace:

Usage:
  Non-class:     87.37 MB used.
      Class:     13.89 MB used.
       Both:    101.26 MB used.

Virtual space:
  Non-class space:      128.00 MB reserved,      88.19 MB ( 69%) committed,  2 nodes.
      Class space:      416.00 MB reserved,      14.69 MB (  4%) committed,  1 nodes.
             Both:      544.00 MB reserved,     102.88 MB ( 19%) committed. 

Chunk freelists:
   Non-Class:  7.01 MB
       Class:  1.26 MB
        Both:  8.27 MB

MaxMetaspaceSize: 512.00 MB
CompressedClassSpaceSize: 416.00 MB
Initial GC threshold: 21.00 MB
Current GC threshold: 158.56 MB
CDS: on
MetaspaceReclaimPolicy: balanced
 - commit_granule_bytes: 65536.
 - commit_granule_words: 8192.
 - virtual_space_node_default_size: 8388608.
 - enlarge_chunks_in_place: 1.
 - new_chunks_are_fully_committed: 0.
 - uncommit_free_chunks: 1.
 - use_allocation_guard: 0.
 - handle_deallocations: 1.


Internal statistics:

num_allocs_failed_limit: 9.
num_arena_births: 2442.
num_arena_deaths: 0.
num_vsnodes_births: 3.
num_vsnodes_deaths: 0.
num_space_committed: 1646.
num_space_uncommitted: 0.
num_chunks_returned_to_freelist: 9.
num_chunks_taken_from_freelist: 7254.
num_chunk_merges: 9.
num_chunk_splits: 4442.
num_chunks_enlarged: 2430.
num_inconsistent_stats: 0.

CodeHeap 'non-profiled nmethods': size=120000Kb used=12613Kb max_used=12613Kb free=107386Kb
 bounds [0x000001f345a50000, 0x000001f3466b0000, 0x000001f34cf80000]
CodeHeap 'profiled nmethods': size=120000Kb used=32826Kb max_used=32826Kb free=87173Kb
 bounds [0x000001f33df80000, 0x000001f33ff90000, 0x000001f3454b0000]
CodeHeap 'non-nmethods': size=5760Kb used=2432Kb max_used=2521Kb free=3327Kb
 bounds [0x000001f3454b0000, 0x000001f345730000, 0x000001f345a50000]
 total_blobs=17832 nmethods=16872 adapters=870
 compilation: enabled
              stopped_count=0, restarted_count=0
 full_count=0

Compilation events (20 events):
Event: 72.386 Thread 0x000001f354d7a380 nmethod 20052 0x000001f33ff8d990 code [0x000001f33ff8db20, 0x000001f33ff8dc48]
Event: 72.386 Thread 0x000001f354d7a380 20053       3       sun.nio.ch.SocketDispatcher::read (8 bytes)
Event: 72.386 Thread 0x000001f354d7a380 nmethod 20053 0x000001f33ff8dd10 code [0x000001f33ff8dea0, 0x000001f33ff8dfe8]
Event: 72.442 Thread 0x000001f354d75a00 20055       4       java.util.concurrent.ConcurrentLinkedQueue::poll (84 bytes)
Event: 72.448 Thread 0x000001f354d75a00 nmethod 20055 0x000001f34669b010 code [0x000001f34669b1a0, 0x000001f34669b6f8]
Event: 77.871 Thread 0x000001f354d7a380 20056       3       java.util.HashMap$Values::spliterator (16 bytes)
Event: 77.872 Thread 0x000001f354d7a380 nmethod 20056 0x000001f33ff8e090 code [0x000001f33ff8e240, 0x000001f33ff8e408]
Event: 77.872 Thread 0x000001f354d7a380 20057       3       java.util.HashMap$ValueSpliterator::<init> (12 bytes)
Event: 77.872 Thread 0x000001f354d7a380 nmethod 20057 0x000001f33ff8e510 code [0x000001f33ff8e6c0, 0x000001f33ff8e8f8]
Event: 79.052 Thread 0x000001f354d75a00 20058       4       java.nio.Buffer$1::acquireScope (41 bytes)
Event: 79.054 Thread 0x000001f354d75a00 nmethod 20058 0x000001f34669b890 code [0x000001f34669ba00, 0x000001f34669bab8]
Event: 85.255 Thread 0x000001f354d75a00 20059   !   4       java.util.concurrent.locks.AbstractQueuedSynchronizer::acquire (407 bytes)
Event: 85.286 Thread 0x000001f354d75a00 nmethod 20059 0x000001f34669bb90 code [0x000001f34669bde0, 0x000001f34669e528]
Event: 85.871 Thread 0x000001f354d75a00 20060       4       java.util.concurrent.ThreadPoolExecutor::runStateAtLeast (11 bytes)
Event: 85.871 Thread 0x000001f354d75a00 nmethod 20060 0x000001f34669f010 code [0x000001f34669f180, 0x000001f34669f1f8]
Event: 86.544 Thread 0x000001f354d75a00 20061       4       java.nio.MappedByteBuffer::limit (6 bytes)
Event: 86.547 Thread 0x000001f354d75a00 nmethod 20061 0x000001f34669f310 code [0x000001f34669f480, 0x000001f34669f578]
Event: 88.633 Thread 0x000001f354d75a00 20062   !   4       sun.nio.ch.IOUtil::read (133 bytes)
Event: 88.645 Thread 0x000001f354d75a00 nmethod 20062 0x000001f34669f690 code [0x000001f34669f900, 0x000001f3466a0810]
Event: 88.872 Thread 0x000001f354d75a00 20063       4       javax.management.ObjectName::construct (1135 bytes)

GC Heap History (20 events):
Event: 31.012 GC heap before
{Heap before GC invocations=32 (full 0):
 garbage-first heap   total 327680K, used 251801K [0x0000000080000000, 0x0000000100000000)
  region size 1024K, 77 young (78848K), 9 survivors (9216K)
 Metaspace       used 97265K, committed 98432K, reserved 557056K
  class space    used 13529K, committed 14080K, reserved 425984K
}
Event: 31.020 GC heap after
{Heap after GC invocations=33 (full 0):
 garbage-first heap   total 327680K, used 190330K [0x0000000080000000, 0x0000000100000000)
  region size 1024K, 7 young (7168K), 7 survivors (7168K)
 Metaspace       used 97265K, committed 98432K, reserved 557056K
  class space    used 13529K, committed 14080K, reserved 425984K
}
Event: 31.042 GC heap before
{Heap before GC invocations=33 (full 0):
 garbage-first heap   total 327680K, used 198522K [0x0000000080000000, 0x0000000100000000)
  region size 1024K, 16 young (16384K), 7 survivors (7168K)
 Metaspace       used 97293K, committed 98496K, reserved 557056K
  class space    used 13529K, committed 14080K, reserved 425984K
}
Event: 31.047 GC heap after
{Heap after GC invocations=34 (full 0):
 garbage-first heap   total 327680K, used 188814K [0x0000000080000000, 0x0000000100000000)
  region size 1024K, 2 young (2048K), 2 survivors (2048K)
 Metaspace       used 97293K, committed 98496K, reserved 557056K
  class space    used 13529K, committed 14080K, reserved 425984K
}
Event: 31.408 GC heap before
{Heap before GC invocations=34 (full 0):
 garbage-first heap   total 327680K, used 264590K [0x0000000080000000, 0x0000000100000000)
  region size 1024K, 73 young (74752K), 2 survivors (2048K)
 Metaspace       used 97357K, committed 98496K, reserved 557056K
  class space    used 13529K, committed 14080K, reserved 425984K
}
Event: 31.411 GC heap after
{Heap after GC invocations=35 (full 0):
 garbage-first heap   total 393216K, used 191834K [0x0000000080000000, 0x0000000100000000)
  region size 1024K, 5 young (5120K), 5 survivors (5120K)
 Metaspace       used 97357K, committed 98496K, reserved 557056K
  class space    used 13529K, committed 14080K, reserved 425984K
}
Event: 31.995 GC heap before
{Heap before GC invocations=35 (full 0):
 garbage-first heap   total 393216K, used 331098K [0x0000000080000000, 0x0000000100000000)
  region size 1024K, 122 young (124928K), 5 survivors (5120K)
 Metaspace       used 98136K, committed 99392K, reserved 557056K
  class space    used 13630K, committed 14208K, reserved 425984K
}
Event: 32.002 GC heap after
{Heap after GC invocations=36 (full 0):
 garbage-first heap   total 393216K, used 200649K [0x0000000080000000, 0x0000000100000000)
  region size 1024K, 13 young (13312K), 13 survivors (13312K)
 Metaspace       used 98136K, committed 99392K, reserved 557056K
  class space    used 13630K, committed 14208K, reserved 425984K
}
Event: 32.584 GC heap before
{Heap before GC invocations=36 (full 0):
 garbage-first heap   total 393216K, used 327625K [0x0000000080000000, 0x0000000100000000)
  region size 1024K, 126 young (129024K), 13 survivors (13312K)
 Metaspace       used 99258K, committed 100544K, reserved 557056K
  class space    used 13752K, committed 14336K, reserved 425984K
}
Event: 32.597 GC heap after
{Heap after GC invocations=37 (full 0):
 garbage-first heap   total 393216K, used 211985K [0x0000000080000000, 0x0000000100000000)
  region size 1024K, 12 young (12288K), 12 survivors (12288K)
 Metaspace       used 99258K, committed 100544K, reserved 557056K
  class space    used 13752K, committed 14336K, reserved 425984K
}
Event: 62.127 GC heap before
{Heap before GC invocations=37 (full 0):
 garbage-first heap   total 393216K, used 322577K [0x0000000080000000, 0x0000000100000000)
  region size 1024K, 117 young (119808K), 12 survivors (12288K)
 Metaspace       used 101821K, committed 103168K, reserved 557056K
  class space    used 14021K, committed 14656K, reserved 425984K
}
Event: 62.137 GC heap after
{Heap after GC invocations=38 (full 0):
 garbage-first heap   total 393216K, used 219536K [0x0000000080000000, 0x0000000100000000)
  region size 1024K, 9 young (9216K), 9 survivors (9216K)
 Metaspace       used 101821K, committed 103168K, reserved 557056K
  class space    used 14021K, committed 14656K, reserved 425984K
}
Event: 69.012 GC heap before
{Heap before GC invocations=38 (full 0):
 garbage-first heap   total 393216K, used 321936K [0x0000000080000000, 0x0000000100000000)
  region size 1024K, 110 young (112640K), 9 survivors (9216K)
 Metaspace       used 102560K, committed 104128K, reserved 557056K
  class space    used 14113K, committed 14848K, reserved 425984K
}
Event: 69.026 GC heap after
{Heap after GC invocations=39 (full 0):
 garbage-first heap   total 393216K, used 241255K [0x0000000080000000, 0x0000000100000000)
  region size 1024K, 14 young (14336K), 14 survivors (14336K)
 Metaspace       used 102560K, committed 104128K, reserved 557056K
  class space    used 14113K, committed 14848K, reserved 425984K
}
Event: 69.466 GC heap before
{Heap before GC invocations=39 (full 0):
 garbage-first heap   total 393216K, used 321127K [0x0000000080000000, 0x0000000100000000)
  region size 1024K, 92 young (94208K), 14 survivors (14336K)
 Metaspace       used 102834K, committed 104384K, reserved 557056K
  class space    used 14114K, committed 14848K, reserved 425984K
}
Event: 69.479 GC heap after
{Heap after GC invocations=40 (full 0):
 garbage-first heap   total 393216K, used 257568K [0x0000000080000000, 0x0000000100000000)
  region size 1024K, 12 young (12288K), 12 survivors (12288K)
 Metaspace       used 102834K, committed 104384K, reserved 557056K
  class space    used 14114K, committed 14848K, reserved 425984K
}
Event: 69.632 GC heap before
{Heap before GC invocations=40 (full 0):
 garbage-first heap   total 393216K, used 324128K [0x0000000080000000, 0x0000000100000000)
  region size 1024K, 77 young (78848K), 12 survivors (12288K)
 Metaspace       used 102924K, committed 104448K, reserved 557056K
  class space    used 14120K, committed 14848K, reserved 425984K
}
Event: 69.644 GC heap after
{Heap after GC invocations=41 (full 0):
 garbage-first heap   total 393216K, used 267554K [0x0000000080000000, 0x0000000100000000)
  region size 1024K, 9 young (9216K), 9 survivors (9216K)
 Metaspace       used 102924K, committed 104448K, reserved 557056K
  class space    used 14120K, committed 14848K, reserved 425984K
}
Event: 70.211 GC heap before
{Heap before GC invocations=41 (full 0):
 garbage-first heap   total 393216K, used 327970K [0x0000000080000000, 0x0000000100000000)
  region size 1024K, 68 young (69632K), 9 survivors (9216K)
 Metaspace       used 103316K, committed 104960K, reserved 557056K
  class space    used 14173K, committed 14912K, reserved 425984K
}
Event: 70.218 GC heap after
{Heap after GC invocations=42 (full 0):
 garbage-first heap   total 393216K, used 270875K [0x0000000080000000, 0x0000000100000000)
  region size 1024K, 4 young (4096K), 4 survivors (4096K)
 Metaspace       used 103316K, committed 104960K, reserved 557056K
  class space    used 14173K, committed 14912K, reserved 425984K
}

Deoptimization events (20 events):
Event: 70.469 Thread 0x000001f37aaf4120 Uncommon trap: trap_request=0xffffffde fr.pc=0x000001f3464cabb8 relative=0x00000000000076f8
Event: 70.469 Thread 0x000001f37aaf4120 Uncommon trap: reason=class_check action=maybe_recompile pc=0x000001f3464cabb8 method=java.io.ObjectOutputStream.writeObject0(Ljava/lang/Object;Z)V @ 482 c2
Event: 70.469 Thread 0x000001f37aaf4120 DEOPT PACKING pc=0x000001f3464cabb8 sp=0x0000001b28afc530
Event: 70.469 Thread 0x000001f37aaf4120 DEOPT UNPACKING pc=0x000001f345505ba3 sp=0x0000001b28afc578 mode 2
Event: 70.473 Thread 0x000001f37aaf4120 Uncommon trap: trap_request=0xffffffc6 fr.pc=0x000001f345b7cab4 relative=0x0000000000000274
Event: 70.473 Thread 0x000001f37aaf4120 Uncommon trap: reason=bimorphic_or_optimized_type_check action=maybe_recompile pc=0x000001f345b7cab4 method=org.gradle.internal.snapshot.ChildMapFactory.childMapFromSorted(Ljava/util/List;)Lorg/gradle/internal/snapshot/ChildMap; @ 1 c2
Event: 70.473 Thread 0x000001f37aaf4120 DEOPT PACKING pc=0x000001f345b7cab4 sp=0x0000001b28afe280
Event: 70.473 Thread 0x000001f37aaf4120 DEOPT UNPACKING pc=0x000001f345505ba3 sp=0x0000001b28afe248 mode 2
Event: 70.488 Thread 0x000001f37aaf4120 Uncommon trap: trap_request=0xffffffde fr.pc=0x000001f34646b8f0 relative=0x0000000000000730
Event: 70.488 Thread 0x000001f37aaf4120 Uncommon trap: reason=class_check action=maybe_recompile pc=0x000001f34646b8f0 method=java.security.MessageDigest$Delegate.clone()Ljava/lang/Object; @ 15 c2
Event: 70.488 Thread 0x000001f37aaf4120 DEOPT PACKING pc=0x000001f34646b8f0 sp=0x0000001b28afc040
Event: 70.488 Thread 0x000001f37aaf4120 DEOPT UNPACKING pc=0x000001f345505ba3 sp=0x0000001b28afc018 mode 2
Event: 70.491 Thread 0x000001f37aaf4120 Uncommon trap: trap_request=0xffffffde fr.pc=0x000001f3464cabb8 relative=0x00000000000076f8
Event: 70.491 Thread 0x000001f37aaf4120 Uncommon trap: reason=class_check action=maybe_recompile pc=0x000001f3464cabb8 method=java.io.ObjectOutputStream.writeObject0(Ljava/lang/Object;Z)V @ 482 c2
Event: 70.491 Thread 0x000001f37aaf4120 DEOPT PACKING pc=0x000001f3464cabb8 sp=0x0000001b28afc670
Event: 70.491 Thread 0x000001f37aaf4120 DEOPT UNPACKING pc=0x000001f345505ba3 sp=0x0000001b28afc6b8 mode 2
Event: 70.491 Thread 0x000001f37aaf4120 Uncommon trap: trap_request=0xffffffc6 fr.pc=0x000001f345b7cab4 relative=0x0000000000000274
Event: 70.491 Thread 0x000001f37aaf4120 Uncommon trap: reason=bimorphic_or_optimized_type_check action=maybe_recompile pc=0x000001f345b7cab4 method=org.gradle.internal.snapshot.ChildMapFactory.childMapFromSorted(Ljava/util/List;)Lorg/gradle/internal/snapshot/ChildMap; @ 1 c2
Event: 70.491 Thread 0x000001f37aaf4120 DEOPT PACKING pc=0x000001f345b7cab4 sp=0x0000001b28afcd00
Event: 70.491 Thread 0x000001f37aaf4120 DEOPT UNPACKING pc=0x000001f345505ba3 sp=0x0000001b28afccc8 mode 2

Classes unloaded (0 events):
No events

Classes redefined (0 events):
No events

Internal exceptions (20 events):
Event: 68.281 Thread 0x000001f3763bc0f0 Exception <a 'java/lang/NoClassDefFoundError'{0x00000000970b84e8}: org/jetbrains/kotlin/gradle/plugin/KotlinBasePluginWrapper> (0x00000000970b84e8) 
thrown [s\open\src\hotspot\share\oops\constantPool.cpp, line 835]
Event: 68.447 Thread 0x000001f3763bc0f0 Exception <a 'java/lang/NoClassDefFoundError'{0x0000000096412140}: org/jetbrains/kotlin/gradle/plugin/KotlinBasePluginWrapper> (0x0000000096412140) 
thrown [s\open\src\hotspot\share\oops\constantPool.cpp, line 835]
Event: 68.493 Thread 0x000001f3763bc0f0 Exception <a 'java/lang/NoClassDefFoundError'{0x00000000960081b8}: org/jetbrains/kotlin/gradle/plugin/KotlinBasePluginWrapper> (0x00000000960081b8) 
thrown [s\open\src\hotspot\share\oops\constantPool.cpp, line 835]
Event: 68.526 Thread 0x000001f3763bc0f0 Exception <a 'java/lang/NoClassDefFoundError'{0x0000000095d829a0}: org/jetbrains/kotlin/gradle/plugin/KotlinBasePluginWrapper> (0x0000000095d829a0) 
thrown [s\open\src\hotspot\share\oops\constantPool.cpp, line 835]
Event: 68.615 Thread 0x000001f3763bc0f0 Exception <a 'java/lang/NoClassDefFoundError'{0x00000000952f4410}: org/jetbrains/kotlin/gradle/plugin/KotlinBasePluginWrapper> (0x00000000952f4410) 
thrown [s\open\src\hotspot\share\oops\constantPool.cpp, line 835]
Event: 68.644 Thread 0x000001f3763bc0f0 Exception <a 'java/lang/NoClassDefFoundError'{0x0000000094e5e0e8}: org/jetbrains/kotlin/gradle/plugin/KotlinBasePluginWrapper> (0x0000000094e5e0e8) 
thrown [s\open\src\hotspot\share\oops\constantPool.cpp, line 835]
Event: 68.683 Thread 0x000001f3763bc0f0 Exception <a 'java/lang/NoClassDefFoundError'{0x0000000094bc7da8}: org/jetbrains/kotlin/gradle/plugin/KotlinBasePluginWrapper> (0x0000000094bc7da8) 
thrown [s\open\src\hotspot\share\oops\constantPool.cpp, line 835]
Event: 68.820 Thread 0x000001f3763bc0f0 Exception <a 'java/lang/NoClassDefFoundError'{0x00000000935518c0}: org/jetbrains/kotlin/gradle/plugin/KotlinBasePluginWrapper> (0x00000000935518c0) 
thrown [s\open\src\hotspot\share\oops\constantPool.cpp, line 835]
Event: 68.933 Thread 0x000001f3763bc0f0 Exception <a 'java/lang/NoClassDefFoundError'{0x00000000924edfd0}: org/jetbrains/kotlin/gradle/plugin/KotlinBasePluginWrapper> (0x00000000924edfd0) 
thrown [s\open\src\hotspot\share\oops\constantPool.cpp, line 835]
Event: 68.982 Thread 0x000001f3763bc0f0 Exception <a 'java/lang/NoClassDefFoundError'{0x0000000091f40e08}: org/jetbrains/kotlin/gradle/plugin/KotlinBasePluginWrapper> (0x0000000091f40e08) 
thrown [s\open\src\hotspot\share\oops\constantPool.cpp, line 835]
Event: 69.007 Thread 0x000001f3763bc0f0 Exception <a 'java/lang/NoClassDefFoundError'{0x0000000091cbbcb8}: org/jetbrains/kotlin/gradle/plugin/KotlinBasePluginWrapper> (0x0000000091cbbcb8) 
thrown [s\open\src\hotspot\share\oops\constantPool.cpp, line 835]
Event: 69.036 Thread 0x000001f3763bc0f0 Exception <a 'sun/nio/fs/WindowsException'{0x00000000996f3048}> (0x00000000996f3048) 
thrown [s\open\src\hotspot\share\prims\jni.cpp, line 516]
Event: 69.041 Thread 0x000001f3763bc0f0 Exception <a 'sun/nio/fs/WindowsException'{0x0000000097d8ae30}> (0x0000000097d8ae30) 
thrown [s\open\src\hotspot\share\prims\jni.cpp, line 516]
Event: 69.041 Thread 0x000001f3763bc0f0 Exception <a 'sun/nio/fs/WindowsException'{0x0000000097d8c198}> (0x0000000097d8c198) 
thrown [s\open\src\hotspot\share\prims\jni.cpp, line 516]
Event: 69.041 Thread 0x000001f3763bc0f0 Exception <a 'sun/nio/fs/WindowsException'{0x0000000097d8d550}> (0x0000000097d8d550) 
thrown [s\open\src\hotspot\share\prims\jni.cpp, line 516]
Event: 69.041 Thread 0x000001f3763bc0f0 Exception <a 'sun/nio/fs/WindowsException'{0x0000000097d8e908}> (0x0000000097d8e908) 
thrown [s\open\src\hotspot\share\prims\jni.cpp, line 516]
Event: 69.390 Thread 0x000001f3763bc0f0 Exception <a 'sun/nio/fs/WindowsException'{0x00000000948a5688}> (0x00000000948a5688) 
thrown [s\open\src\hotspot\share\prims\jni.cpp, line 516]
Event: 69.390 Thread 0x000001f3763bc0f0 Exception <a 'sun/nio/fs/WindowsException'{0x00000000948a69f0}> (0x00000000948a69f0) 
thrown [s\open\src\hotspot\share\prims\jni.cpp, line 516]
Event: 69.390 Thread 0x000001f3763bc0f0 Exception <a 'sun/nio/fs/WindowsException'{0x00000000948a7da8}> (0x00000000948a7da8) 
thrown [s\open\src\hotspot\share\prims\jni.cpp, line 516]
Event: 69.391 Thread 0x000001f3763bc0f0 Exception <a 'sun/nio/fs/WindowsException'{0x00000000948a9160}> (0x00000000948a9160) 
thrown [s\open\src\hotspot\share\prims\jni.cpp, line 516]

VM Operations (20 events):
Event: 69.622 Executing VM operation: ICBufferFull
Event: 69.622 Executing VM operation: ICBufferFull done
Event: 69.632 Executing VM operation: G1CollectForAllocation
Event: 69.644 Executing VM operation: G1CollectForAllocation done
Event: 69.687 Executing VM operation: HandshakeAllThreads
Event: 69.687 Executing VM operation: HandshakeAllThreads done
Event: 69.957 Executing VM operation: ICBufferFull
Event: 69.957 Executing VM operation: ICBufferFull done
Event: 70.210 Executing VM operation: HandshakeAllThreads
Event: 70.211 Executing VM operation: HandshakeAllThreads done
Event: 70.211 Executing VM operation: G1CollectForAllocation
Event: 70.218 Executing VM operation: G1CollectForAllocation done
Event: 70.468 Executing VM operation: ICBufferFull
Event: 70.469 Executing VM operation: ICBufferFull done
Event: 71.476 Executing VM operation: Cleanup
Event: 71.477 Executing VM operation: Cleanup done
Event: 84.503 Executing VM operation: Cleanup
Event: 84.504 Executing VM operation: Cleanup done
Event: 87.504 Executing VM operation: Cleanup
Event: 87.504 Executing VM operation: Cleanup done

Events (20 events):
Event: 68.202 Thread 0x000001f37cf50f70 Thread added: 0x000001f37cf50f70
Event: 69.671 Thread 0x000001f37c315bd0 Thread added: 0x000001f37c315bd0
Event: 70.220 Thread 0x000001f354d7c020 flushing nmethod 0x000001f346071b90
Event: 70.222 Thread 0x000001f354d7c020 flushing nmethod 0x000001f3464d1e10
Event: 70.222 Thread 0x000001f354d7c020 flushing nmethod 0x000001f33dfa3810
Event: 70.222 Thread 0x000001f354d7c020 flushing nmethod 0x000001f33dfc9810
Event: 70.222 Thread 0x000001f354d7c020 flushing nmethod 0x000001f33e012990
Event: 70.224 Thread 0x000001f354d7c020 flushing nmethod 0x000001f33e274390
Event: 70.224 Thread 0x000001f354d7c020 flushing nmethod 0x000001f33e344c90
Event: 70.225 Thread 0x000001f354d7c020 flushing nmethod 0x000001f33e5a3e90
Event: 70.226 Thread 0x000001f354d7c020 flushing nmethod 0x000001f33e6dab10
Event: 70.227 Thread 0x000001f354d7c020 flushing nmethod 0x000001f33e951c10
Event: 70.233 Thread 0x000001f354d7c020 flushing nmethod 0x000001f33f6c6590
Event: 70.505 loading class jdk/internal/reflect/UnsafeQualifiedIntegerFieldAccessorImpl
Event: 70.506 loading class jdk/internal/reflect/UnsafeQualifiedIntegerFieldAccessorImpl done
Event: 70.938 Thread 0x000001f37cf50f70 Thread exited: 0x000001f37cf50f70
Event: 71.203 Thread 0x000001f37cf51f60 Thread exited: 0x000001f37cf51f60
Event: 79.052 loading class jdk/internal/misc/ScopedMemoryAccess$Scope$Handle
Event: 79.052 loading class jdk/internal/misc/ScopedMemoryAccess$Scope$Handle done
Event: 83.600 Thread 0x000001f377487200 Thread exited: 0x000001f377487200


Dynamic libraries:
0x00007ff749fa0000 - 0x00007ff749fb0000 	C:\Program Files\Java\jdk-17\bin\java.exe
0x00007ff925640000 - 0x00007ff9258a6000 	C:\WINDOWS\SYSTEM32\ntdll.dll
0x00007ff9242e0000 - 0x00007ff9243a9000 	C:\WINDOWS\System32\KERNEL32.DLL
0x00007ff922e10000 - 0x00007ff9231dc000 	C:\WINDOWS\System32\KERNELBASE.dll
0x00007ff9227d0000 - 0x00007ff92291b000 	C:\WINDOWS\System32\ucrtbase.dll
0x00007ff904990000 - 0x00007ff9049a9000 	C:\Program Files\Java\jdk-17\bin\jli.dll
0x00007ff8f42c0000 - 0x00007ff8f42db000 	C:\Program Files\Java\jdk-17\bin\VCRUNTIME140.dll
0x00007ff9234a0000 - 0x00007ff923552000 	C:\WINDOWS\System32\ADVAPI32.dll
0x00007ff923a80000 - 0x00007ff923b29000 	C:\WINDOWS\System32\msvcrt.dll
0x00007ff923920000 - 0x00007ff9239c6000 	C:\WINDOWS\System32\sechost.dll
0x00007ff9235f0000 - 0x00007ff923706000 	C:\WINDOWS\System32\RPCRT4.dll
0x00007ff924c10000 - 0x00007ff924dda000 	C:\WINDOWS\System32\USER32.dll
0x00007ff90bc50000 - 0x00007ff90beea000 	C:\WINDOWS\WinSxS\amd64_microsoft.windows.common-controls_6595b64144ccf1df_6.0.26100.3912_none_3e07963ce335137e\COMCTL32.dll
0x00007ff9229d0000 - 0x00007ff9229f7000 	C:\WINDOWS\System32\win32u.dll
0x00007ff923400000 - 0x00007ff92342b000 	C:\WINDOWS\System32\GDI32.dll
0x00007ff922c10000 - 0x00007ff922d42000 	C:\WINDOWS\System32\gdi32full.dll
0x00007ff922920000 - 0x00007ff9229c3000 	C:\WINDOWS\System32\msvcp_win.dll
0x00007ff91abe0000 - 0x00007ff91abeb000 	C:\WINDOWS\SYSTEM32\VERSION.dll
0x00007ff9243b0000 - 0x00007ff9243e0000 	C:\WINDOWS\System32\IMM32.DLL
0x00007ff90ee30000 - 0x00007ff90ee3c000 	C:\Program Files\Java\jdk-17\bin\vcruntime140_1.dll
0x00007ff8acd10000 - 0x00007ff8acd9e000 	C:\Program Files\Java\jdk-17\bin\msvcp140.dll
0x00007ff8785b0000 - 0x00007ff87918f000 	C:\Program Files\Java\jdk-17\bin\server\jvm.dll
0x00007ff923910000 - 0x00007ff923918000 	C:\WINDOWS\System32\PSAPI.DLL
0x00007ff913a10000 - 0x00007ff913a46000 	C:\WINDOWS\SYSTEM32\WINMM.dll
0x00007ff90e1c0000 - 0x00007ff90e1ca000 	C:\WINDOWS\SYSTEM32\WSOCK32.dll
0x00007ff924980000 - 0x00007ff9249f4000 	C:\WINDOWS\System32\WS2_32.dll
0x00007ff9216b0000 - 0x00007ff9216ca000 	C:\WINDOWS\SYSTEM32\kernel.appcore.dll
0x00007ff90c950000 - 0x00007ff90c95a000 	C:\Program Files\Java\jdk-17\bin\jimage.dll
0x00007ff910a80000 - 0x00007ff910cc1000 	C:\WINDOWS\SYSTEM32\DBGHELP.DLL
0x00007ff924ef0000 - 0x00007ff925274000 	C:\WINDOWS\System32\combase.dll
0x00007ff925280000 - 0x00007ff925360000 	C:\WINDOWS\System32\OLEAUT32.dll
0x00007ff900060000 - 0x00007ff900099000 	C:\WINDOWS\SYSTEM32\dbgcore.DLL
0x00007ff923360000 - 0x00007ff9233f9000 	C:\WINDOWS\System32\bcryptPrimitives.dll
0x00007ff8f05d0000 - 0x00007ff8f05f5000 	C:\Program Files\Java\jdk-17\bin\java.dll
0x00007ff8aaa40000 - 0x00007ff8aab17000 	C:\Program Files\Java\jdk-17\bin\jsvml.dll
0x00007ff923b30000 - 0x00007ff92425d000 	C:\WINDOWS\System32\SHELL32.dll
0x00007ff922a00000 - 0x00007ff922b74000 	C:\WINDOWS\System32\wintypes.dll
0x00007ff920480000 - 0x00007ff920cd6000 	C:\WINDOWS\SYSTEM32\windows.storage.dll
0x00007ff925380000 - 0x00007ff92546f000 	C:\WINDOWS\System32\SHCORE.dll
0x00007ff923430000 - 0x00007ff923499000 	C:\WINDOWS\System32\shlwapi.dll
0x00007ff9226e0000 - 0x00007ff92270f000 	C:\WINDOWS\SYSTEM32\profapi.dll
0x00007ff8f3260000 - 0x00007ff8f3279000 	C:\Program Files\Java\jdk-17\bin\net.dll
0x00007ff91b160000 - 0x00007ff91b27e000 	C:\WINDOWS\SYSTEM32\WINHTTP.dll
0x00007ff921c20000 - 0x00007ff921c8a000 	C:\WINDOWS\system32\mswsock.dll
0x00007ff8f17a0000 - 0x00007ff8f17b6000 	C:\Program Files\Java\jdk-17\bin\nio.dll
0x00007ff8ef9f0000 - 0x00007ff8efa08000 	C:\Program Files\Java\jdk-17\bin\zip.dll
0x00007ff907150000 - 0x00007ff907160000 	C:\Program Files\Java\jdk-17\bin\verify.dll
0x00007ff8ef7f0000 - 0x00007ff8ef817000 	C:\Users\xahim\.gradle\native\e1d6ef7f7dcc3fd88c89a11ec53ec762bb8ba0a96d01ffa2cd45eb1d1d8dd5c5\windows-amd64\native-platform.dll
0x00007ff880670000 - 0x00007ff8807b4000 	C:\Users\xahim\.gradle\native\0d407fdbe67a94daf76414ababcb853783967236a71b16ec16e742cd7a986fd3\windows-amd64\native-platform-file-events.dll
0x00007ff9014f0000 - 0x00007ff9014fa000 	C:\Program Files\Java\jdk-17\bin\management.dll
0x00007ff900ee0000 - 0x00007ff900eeb000 	C:\Program Files\Java\jdk-17\bin\management_ext.dll
0x00007ff921ec0000 - 0x00007ff921edc000 	C:\WINDOWS\SYSTEM32\CRYPTSP.dll
0x00007ff921610000 - 0x00007ff92164a000 	C:\WINDOWS\system32\rsaenh.dll
0x00007ff921cc0000 - 0x00007ff921ceb000 	C:\WINDOWS\SYSTEM32\USERENV.dll
0x00007ff9226b0000 - 0x00007ff9226d6000 	C:\WINDOWS\SYSTEM32\bcrypt.dll
0x00007ff921ee0000 - 0x00007ff921eec000 	C:\WINDOWS\SYSTEM32\CRYPTBASE.dll
0x00007ff921060000 - 0x00007ff921093000 	C:\WINDOWS\SYSTEM32\IPHLPAPI.DLL
0x00007ff925370000 - 0x00007ff92537a000 	C:\WINDOWS\System32\NSI.dll
0x00007ff91b2e0000 - 0x00007ff91b2ff000 	C:\WINDOWS\SYSTEM32\dhcpcsvc6.DLL
0x00007ff91b130000 - 0x00007ff91b155000 	C:\WINDOWS\SYSTEM32\dhcpcsvc.DLL
0x00007ff9210a0000 - 0x00007ff9211c7000 	C:\WINDOWS\SYSTEM32\DNSAPI.dll
0x00007ff900cf0000 - 0x00007ff900cfe000 	C:\Program Files\Java\jdk-17\bin\sunmscapi.dll
0x00007ff9231e0000 - 0x00007ff923357000 	C:\WINDOWS\System32\CRYPT32.dll
0x00007ff9220d0000 - 0x00007ff922100000 	C:\WINDOWS\SYSTEM32\ncrypt.dll
0x00007ff922080000 - 0x00007ff9220bf000 	C:\WINDOWS\SYSTEM32\NTASN1.dll
0x00007ff8acb50000 - 0x00007ff8acb58000 	C:\WINDOWS\system32\wshunix.dll
0x00007ff91b290000 - 0x00007ff91b29b000 	C:\Windows\System32\rasadhlp.dll
0x00007ff91a6f0000 - 0x00007ff91a776000 	C:\WINDOWS\System32\fwpuclnt.dll

dbghelp: loaded successfully - version: 4.0.5 - missing functions: none
symbol engine: initialized successfully - sym options: 0x614 - pdb path: .;C:\Program Files\Java\jdk-17\bin;C:\WINDOWS\SYSTEM32;C:\WINDOWS\WinSxS\amd64_microsoft.windows.common-controls_6595b64144ccf1df_6.0.26100.3912_none_3e07963ce335137e;C:\Program Files\Java\jdk-17\bin\server;C:\Users\xahim\.gradle\native\e1d6ef7f7dcc3fd88c89a11ec53ec762bb8ba0a96d01ffa2cd45eb1d1d8dd5c5\windows-amd64;C:\Users\xahim\.gradle\native\0d407fdbe67a94daf76414ababcb853783967236a71b16ec16e742cd7a986fd3\windows-amd64

VM Arguments:
jvm_args: -XX:MaxMetaspaceSize=512m --add-opens=java.base/java.util=ALL-UNNAMED --add-opens=java.base/java.lang=ALL-UNNAMED --add-opens=java.base/java.lang.invoke=ALL-UNNAMED --add-opens=java.base/java.util=ALL-UNNAMED --add-opens=java.prefs/java.util.prefs=ALL-UNNAMED --add-opens=java.prefs/java.util.prefs=ALL-UNNAMED --add-opens=java.base/java.nio.charset=ALL-UNNAMED --add-opens=java.base/java.net=ALL-UNNAMED --add-opens=java.base/java.util.concurrent.atomic=ALL-UNNAMED -Xmx2048m -Dfile.encoding=windows-1252 -Duser.country=IN -Duser.language=en -Duser.variant 
java_command: org.gradle.launcher.daemon.bootstrap.GradleDaemon 7.5.1
java_class_path (initial): C:\Users\xahim\.gradle\wrapper\dists\gradle-7.5.1-all\1ehga6e77gqps5uk2kc5kf1vc\gradle-7.5.1\lib\gradle-launcher-7.5.1.jar
Launcher Type: SUN_STANDARD

[Global flags]
     intx CICompilerCount                          = 4                                         {product} {ergonomic}
   size_t CompressedClassSpaceSize                 = 436207616                                 {product} {ergonomic}
     uint ConcGCThreads                            = 3                                         {product} {ergonomic}
     uint G1ConcRefinementThreads                  = 10                                        {product} {ergonomic}
   size_t G1HeapRegionSize                         = 1048576                                   {product} {ergonomic}
    uintx GCDrainStackTargetSize                   = 64                                        {product} {ergonomic}
   size_t InitialHeapSize                          = 534773760                                 {product} {ergonomic}
   size_t MarkStackSize                            = 4194304                                   {product} {ergonomic}
   size_t MaxHeapSize                              = 2147483648                                {product} {command line}
   size_t MaxMetaspaceSize                         = 536870912                                 {product} {command line}
   size_t MaxNewSize                               = 1287651328                                {product} {ergonomic}
   size_t MinHeapDeltaBytes                        = 1048576                                   {product} {ergonomic}
   size_t MinHeapSize                              = 8388608                                   {product} {ergonomic}
    uintx NonNMethodCodeHeapSize                   = 5839372                                {pd product} {ergonomic}
    uintx NonProfiledCodeHeapSize                  = 122909434                              {pd product} {ergonomic}
    uintx ProfiledCodeHeapSize                     = 122909434                              {pd product} {ergonomic}
    uintx ReservedCodeCacheSize                    = 251658240                              {pd product} {ergonomic}
     bool SegmentedCodeCache                       = true                                      {product} {ergonomic}
   size_t SoftMaxHeapSize                          = 2147483648                             {manageable} {ergonomic}
     bool UseCompressedClassPointers               = true                           {product lp64_product} {ergonomic}
     bool UseCompressedOops                        = true                           {product lp64_product} {ergonomic}
     bool UseG1GC                                  = true                                      {product} {ergonomic}
     bool UseLargePagesIndividualAllocation        = false                                  {pd product} {ergonomic}

Logging:
Log output configuration:
 #0: stdout all=warning uptime,level,tags
 #1: stderr all=off uptime,level,tags

Environment Variables:
JAVA_HOME=C:\Program Files\Java\jdk-17
CLASSPATH=E:\Projects\Logiqids\android\\gradle\wrapper\gradle-wrapper.jar
PATH=E:\Projects\Logiqids\android\node_modules\.bin;E:\Projects\Logiqids\node_modules\.bin;E:\Projects\node_modules\.bin;E:\node_modules\.bin;C:\Program Files\nodejs;E:\Projects\Logiqids\node_modules\.bin;E:\Projects\Logiqids\node_modules\.bin;E:\Projects\node_modules\.bin;E:\node_modules\.bin;E:\Projects\Logiqids\node_modules\npm\node_modules\@npmcli\run-script\lib\node-gyp-bin;E:\Projects\Logiqids\node_modules\.bin;E:\Projects\node_modules\.bin;E:\node_modules\.bin;C:\Program Files\nodejs;E:\Projects\Logiqids\node_modules\react-native\scripts\node_modules\.bin;E:\Projects\Logiqids\node_modules\react-native\node_modules\.bin;E:\Projects\Logiqids\node_modules\node_modules\.bin;E:\Projects\Logiqids\node_modules\.bin;E:\Projects\node_modules\.bin;E:\node_modules\.bin;C:\Program Files\nodejs;E:\Projects\Logiqids\node_modules\.bin;E:\Projects\Logiqids\node_modules\.bin;E:\Projects\node_modules\.bin;E:\node_modules\.bin;C:\Program Files\nodejs\node_modules\npm\node_modules\@npmcli\run-script\lib\node-gyp-bin;C:\Program Files\Common Files\Oracle\Java\javapath;C:\WINDOWS\system32;C:\WINDOWS;C:\WINDOWS\System32\Wbem;C:\WINDOWS\System32\WindowsPowerShell\v1.0\;C:\WINDOWS\System32\OpenSSH\;C:\ProgramData\chocolatey\bin;C:\Users\xahim\AppData\Local\Android\Sdk\platform-tools;C:\Program Files (x86)\NVIDIA Corporation\PhysX\Common;C:\Program Files\NVIDIA Corporation\NVIDIA NvDLISR;C:\Users\xahim\AppData\Local\Android\Sdk\emulator;C:\Program Files\Git\cmd;C:\Program Files\nodejs\;C:\Program Files\Go\bin;C:\Python39\;C:\Python39\Scripts\;C:\Users\xahim\AppData\Local\Microsoft\WindowsApps\python.exe;C:\Users\xahim\AppData\Local\Microsoft\WindowsApps\python.exe\scripts;C:\Python313\;C:\Python313\Scripts\;C:\Program Files\Microsoft SQL Server\150\Tools\Binn\;C:\Program Files\Microsoft SQL Server\Client SDK\ODBC\170\Tools\Binn\;C:\Program Files\dotnet\;C:\Users\xahim\AppData\Local\Programs\Python\Python313\Scripts\;C:\Users\xahim\AppData\Local\Programs\Python\Python313\;C:\Users\xahim\Ap
USERNAME=xahim
OS=Windows_NT
PROCESSOR_IDENTIFIER=Intel64 Family 6 Model 167 Stepping 1, GenuineIntel



---------------  S Y S T E M  ---------------

OS:
 Windows 11 , 64 bit Build 26100 (10.0.26100.3912)
OS uptime: 0 days 4:39 hours

CPU: total 12 (initial active 12) (6 cores per cpu, 2 threads per core) family 6 model 167 stepping 1 microcode 0x54, cx8, cmov, fxsr, ht, mmx, 3dnowpref, sse, sse2, sse3, ssse3, sse4.1, sse4.2, popcnt, lzcnt, tsc, tscinvbit, avx, avx2, aes, erms, clmul, bmi1, bmi2, adx, avx512f, avx512dq, avx512cd, avx512bw, avx512vl, sha, fma, vzeroupper, avx512_vpopcntdq, avx512_vpclmulqdq, avx512_vaes, avx512_vnni, clflush, clflushopt, avx512_vbmi2, avx512_vbmi

Memory: 4k page, system-wide physical 32635M (19126M free)
TotalPageFile size 93575M (AvailPageFile size 2M)
current process WorkingSet (physical memory assigned to process): 703M, peak: 752M
current process commit charge ("private bytes"): 766M, peak: 805M

vm_info: Java HotSpot(TM) 64-Bit Server VM (17.0.10+11-LTS-240) for windows-amd64 JRE (17.0.10+11-LTS-240), built on Dec 19 2023 21:47:25 by "mach5one" with MS VC++ 17.1 (VS2022)

END.
